<?xml version = '1.0' encoding = 'UTF-8'?>
<FKIndexAssociation class="oracle.dbtools.crest.model.design.relational.FKIndexAssociation" directorySegmentName="seg_0" id="0257C806-48C8-5381-D999-E6C649D789BA" containerWithKeyObject="A98D3A61-E2DE-508A-D6FF-E5C58A0D360C" localFKIndex="055C5CEA-A0B3-77C2-0D7E-6DA4C0F999DB" name="ENTREPRISEv1_UTILISATEUR_UTIv1_FK">
<createdBy>YvonneY</createdBy>
<createdTime>2017-05-28 21:15:15 UTC</createdTime>
<ownerDesignName>bdd1</ownerDesignName>
<referredTableLongName>BDD1.UTILISATEUR_UTIv1</referredTableLongName>
<deleteRule>NO ACTION</deleteRule>
<referredTableID>622727D5-B5AC-FEDD-A69D-442D629071B1</referredTableID>
<keyObject>46BD43C3-E0C4-909C-C58C-A5E03245D911</keyObject>
<referredKeyID>46BD43C3-E0C4-909C-C58C-A5E03245D911</referredKeyID>
<mandatory>true</mandatory>
<refColNames>UTIL_ID</refColNames>
<transferable>true</transferable>
<rely>false</rely>
<columnDependencyConstraintGenerateInDDL>true</columnDependencyConstraintGenerateInDDL>
</FKIndexAssociation>