<?xml version = '1.0' encoding = 'UTF-8'?>
<FKIndexAssociation class="oracle.dbtools.crest.model.design.relational.FKIndexAssociation" directorySegmentName="seg_0" id="134D98F3-D753-A997-C89E-DB263806D9C0" containerWithKeyObject="83D7F9B9-8764-5270-D3C7-8F1BB01DFD67" localFKIndex="5D73C234-7BC0-A005-A3F0-4FB6C3C5B566" name="OPERATEURv1_UTILISATEUR_UTIv1_FK">
<createdBy>YvonneY</createdBy>
<createdTime>2017-05-28 21:15:15 UTC</createdTime>
<ownerDesignName>bdd1</ownerDesignName>
<referredTableLongName>BDD1.UTILISATEUR_UTIv1</referredTableLongName>
<deleteRule>NO ACTION</deleteRule>
<referredTableID>622727D5-B5AC-FEDD-A69D-442D629071B1</referredTableID>
<keyObject>46BD43C3-E0C4-909C-C58C-A5E03245D911</keyObject>
<referredKeyID>46BD43C3-E0C4-909C-C58C-A5E03245D911</referredKeyID>
<mandatory>true</mandatory>
<refColNames>UTIL_ID</refColNames>
<transferable>true</transferable>
<rely>false</rely>
<columnDependencyConstraintGenerateInDDL>true</columnDependencyConstraintGenerateInDDL>
</FKIndexAssociation>