<?xml version = '1.0' encoding = 'UTF-8'?>
<FKIndexAssociation class="oracle.dbtools.crest.model.design.relational.FKIndexAssociation" directorySegmentName="seg_0" id="3B4B7D19-3840-A086-0C6E-269007077CFE" containerWithKeyObject="8B998CB1-1353-6FAD-9615-604377A24035" localFKIndex="CF6852F1-2221-8787-A328-0DDFB0246CBE" name="MAINTENANCE_ENTREPRISEv1_FK">
<createdBy>YvonneY</createdBy>
<createdTime>2017-05-28 21:19:13 UTC</createdTime>
<ownerDesignName>bdd1</ownerDesignName>
<referredTableLongName>BDD1.ENTREPRISEv1</referredTableLongName>
<deleteRule>NO ACTION</deleteRule>
<referredTableID>A98D3A61-E2DE-508A-D6FF-E5C58A0D360C</referredTableID>
<keyObject>758E9917-9FA0-D85F-EDFF-73C3983B62BD</keyObject>
<referredKeyID>758E9917-9FA0-D85F-EDFF-73C3983B62BD</referredKeyID>
<mandatory>true</mandatory>
<refColNames>ENT_NSIRET</refColNames>
<transferable>true</transferable>
<rely>false</rely>
<columnDependencyConstraintGenerateInDDL>true</columnDependencyConstraintGenerateInDDL>
</FKIndexAssociation>