<?xml version = '1.0' encoding = 'UTF-8'?>
<FKIndexAssociation class="oracle.dbtools.crest.model.design.relational.FKIndexAssociation" directorySegmentName="seg_0" id="63A211B5-3813-0C78-8287-E4B84EE13394" containerWithKeyObject="99B2222B-2ACF-E5A0-9170-986EA1AEC62A" localFKIndex="FDE2287D-FFF1-BF86-6567-32120C2C2B47" name="FKOP">
<createdBy>YvonneY</createdBy>
<createdTime>2017-05-28 21:09:41 UTC</createdTime>
<ownerDesignName>bdd1</ownerDesignName>
<importedID>16479437-C5FF-86C9-2FBC-4771B329FF88</importedID>
<referredTableLongName>BDD1.UTILISATEUR_UTI</referredTableLongName>
<deleteRule>NO ACTION</deleteRule>
<referredTableID>B4F06B77-6E4D-DA83-EC34-F9ED1317371F</referredTableID>
<keyObject>4F374C91-2C2F-3693-F294-E96797A497D6</keyObject>
<referredKeyID>4F374C91-2C2F-3693-F294-E96797A497D6</referredKeyID>
<mandatory>true</mandatory>
<refColNames>UTIL_ID</refColNames>
<transferable>true</transferable>
<rely>false</rely>
<columnDependencyConstraintGenerateInDDL>true</columnDependencyConstraintGenerateInDDL>
</FKIndexAssociation>