<?xml version = '1.0' encoding = 'UTF-8'?>
<FKIndexAssociation class="oracle.dbtools.crest.model.design.relational.FKIndexAssociation" directorySegmentName="seg_0" id="6FC2238C-9E4D-96FD-D7AA-C271284D7AE0" containerWithKeyObject="83D7F9B9-8764-5270-D3C7-8F1BB01DFD67" localFKIndex="50ED66D1-AAA5-8BC5-6FFA-13FC45934737" name="OPERATEURv1_MAINTENANCE_FK">
<createdBy>YvonneY</createdBy>
<createdTime>2017-05-28 21:17:41 UTC</createdTime>
<ownerDesignName>bdd1</ownerDesignName>
<referredTableLongName>BDD1.MAINTENANCE</referredTableLongName>
<deleteRule>NO ACTION</deleteRule>
<referredTableID>8B998CB1-1353-6FAD-9615-604377A24035</referredTableID>
<keyObject>71EE636D-C301-72C8-8672-4C8AD55CB9E1</keyObject>
<referredKeyID>71EE636D-C301-72C8-8672-4C8AD55CB9E1</referredKeyID>
<mandatory>true</mandatory>
<refColNames>MAINT_ID</refColNames>
<transferable>true</transferable>
<rely>false</rely>
<columnDependencyConstraintGenerateInDDL>true</columnDependencyConstraintGenerateInDDL>
</FKIndexAssociation>