<?xml version = '1.0' encoding = 'UTF-8'?>
<FKIndexAssociation class="oracle.dbtools.crest.model.design.relational.FKIndexAssociation" directorySegmentName="seg_0" id="8D9C5103-FC9B-182C-F779-2EA71367B8F5" containerWithKeyObject="E4FC83B2-6BE0-AB4E-D048-180CB0CA1C0E" localFKIndex="FDF8A7B4-59D1-B867-77E5-5A867D54DF6D" name="SURCOUT_FK1">
<createdBy>YvonneY</createdBy>
<createdTime>2017-05-28 21:14:23 UTC</createdTime>
<ownerDesignName>bdd1</ownerDesignName>
<importedID>F32C68C2-A828-8DA1-1938-5D54FE7E196D</importedID>
<referredTableLongName>BDD1.DEVIS</referredTableLongName>
<deleteRule>NO ACTION</deleteRule>
<referredTableID>D5E537A2-E19F-1DA6-4F49-48999D31F642</referredTableID>
<keyObject>97C1A6BE-5C5F-B309-08B7-B0AFA7DF985E</keyObject>
<referredKeyID>97C1A6BE-5C5F-B309-08B7-B0AFA7DF985E</referredKeyID>
<mandatory>true</mandatory>
<refColNames>DEVIS_ID</refColNames>
<transferable>true</transferable>
<rely>false</rely>
<columnDependencyConstraintGenerateInDDL>true</columnDependencyConstraintGenerateInDDL>
</FKIndexAssociation>