<?xml version = '1.0' encoding = 'UTF-8'?>
<FKIndexAssociation class="oracle.dbtools.crest.model.design.relational.FKIndexAssociation" directorySegmentName="seg_0" id="BAD8655E-C4FC-D879-EA17-DED665688FDA" containerWithKeyObject="D5E537A2-E19F-1DA6-4F49-48999D31F642" localFKIndex="EF02CD4A-DD00-16DC-66BD-A5143F4B6167" name="FKM">
<createdBy>YvonneY</createdBy>
<createdTime>2017-05-28 21:12:26 UTC</createdTime>
<ownerDesignName>bdd1</ownerDesignName>
<importedID>C3D752A3-0103-F7AF-CD33-A17A0B7559FC</importedID>
<referredTableLongName>BDD1.MAINTENANCE</referredTableLongName>
<deleteRule>NO ACTION</deleteRule>
<referredTableID>8B998CB1-1353-6FAD-9615-604377A24035</referredTableID>
<keyObject>71EE636D-C301-72C8-8672-4C8AD55CB9E1</keyObject>
<referredKeyID>71EE636D-C301-72C8-8672-4C8AD55CB9E1</referredKeyID>
<mandatory>true</mandatory>
<refColNames>MAINT_ID</refColNames>
<transferable>true</transferable>
<rely>false</rely>
<columnDependencyConstraintGenerateInDDL>true</columnDependencyConstraintGenerateInDDL>
</FKIndexAssociation>