<?xml version = '1.0' encoding = 'UTF-8'?>
<FKIndexAssociation class="oracle.dbtools.crest.model.design.relational.FKIndexAssociation" directorySegmentName="seg_0" id="C80BD92E-55B1-0EFE-C5CA-F23E8AEF5968" containerWithKeyObject="8B998CB1-1353-6FAD-9615-604377A24035" localFKIndex="CF0C8FD2-537F-9143-29F4-EF5CC73B385F" name="MAINTENANCE_OPERATEURv1_FK">
<createdBy>YvonneY</createdBy>
<createdTime>2017-05-28 21:19:40 UTC</createdTime>
<ownerDesignName>bdd1</ownerDesignName>
<referredTableLongName>BDD1.OPERATEURv1</referredTableLongName>
<deleteRule>NO ACTION</deleteRule>
<referredTableID>83D7F9B9-8764-5270-D3C7-8F1BB01DFD67</referredTableID>
<keyObject>3DEEE47B-F9D1-3400-F43B-03EE15B3E4D2</keyObject>
<referredKeyID>3DEEE47B-F9D1-3400-F43B-03EE15B3E4D2</referredKeyID>
<mandatory>true</mandatory>
<refColNames>OP_ID</refColNames>
<transferable>true</transferable>
<rely>false</rely>
<columnDependencyConstraintGenerateInDDL>true</columnDependencyConstraintGenerateInDDL>
</FKIndexAssociation>