<?xml version = '1.0' encoding = 'UTF-8'?>
<FKIndexAssociation class="oracle.dbtools.crest.model.design.relational.FKIndexAssociation" directorySegmentName="seg_0" id="D92C4770-F1AF-D003-A9E6-B54508250488" containerWithKeyObject="B0AA5A74-9322-85AE-722B-508338D6891B" localFKIndex="AC75F86B-F8FE-8FC1-DD5C-7BFB49EE61B4" name="FK">
<createdBy>YvonneY</createdBy>
<createdTime>2017-05-28 21:09:41 UTC</createdTime>
<ownerDesignName>bdd1</ownerDesignName>
<importedID>924AB711-4A8E-D32E-66DC-9A9ECCC4A742</importedID>
<referredTableLongName>BDD1.UTILISATEUR_UTI</referredTableLongName>
<deleteRule>NO ACTION</deleteRule>
<referredTableID>B4F06B77-6E4D-DA83-EC34-F9ED1317371F</referredTableID>
<keyObject>4F374C91-2C2F-3693-F294-E96797A497D6</keyObject>
<referredKeyID>4F374C91-2C2F-3693-F294-E96797A497D6</referredKeyID>
<mandatory>true</mandatory>
<refColNames>UTIL_ID</refColNames>
<transferable>true</transferable>
<rely>false</rely>
<columnDependencyConstraintGenerateInDDL>true</columnDependencyConstraintGenerateInDDL>
</FKIndexAssociation>