<?xml version = '1.0' encoding = 'UTF-8'?>
<TableProxyOraclev11g class="oracle.dbtools.crest.model.design.storage.oracle.v11g.TableProxyOraclev11g" name="UTILISATEUR_UTIv1" directorySegmentName="seg_0" id="622727D5-B5AC-FEDD-A69D-442D629071B1">
<createdBy>YvonneY</createdBy>
<createdTime>2017-05-28 21:15:15 UTC</createdTime>
<ownerDesignName>bdd1</ownerDesignName>
<schemaObject>A99E4BC8-E1CD-24BE-D313-C1BB866862C0</schemaObject>
<logging>YES</logging>
<partitionedRowMovement>DISABLE</partitionedRowMovement>
<temporaryChanged>false</temporaryChanged>
<accessDriverType>oracle_loader</accessDriverType>
<rejectLimit></rejectLimit>
<columnProxies itemClass="oracle.dbtools.crest.model.design.storage.oracle.v12c.ColumnProxyOraclev12c">
<ColumnProxy name="UTIL_NOM" id="12562478-652D-6FE9-34AE-357F3BF60E14">
<createdBy>YvonneY</createdBy>
<createdTime>2017-05-28 21:15:15 UTC</createdTime>
<ownerDesignName>bdd1</ownerDesignName>
</ColumnProxy>
<ColumnProxy name="UTIL_MDP" id="28A1B90E-DF4B-F1CD-7353-EAD5FDD1B7CF">
<createdBy>YvonneY</createdBy>
<createdTime>2017-05-28 21:15:15 UTC</createdTime>
<ownerDesignName>bdd1</ownerDesignName>
</ColumnProxy>
<ColumnProxy name="UTIL_PRENOM" id="457D3BEF-0DC6-D713-A9C8-D82FCD482508">
<createdBy>YvonneY</createdBy>
<createdTime>2017-05-28 21:15:15 UTC</createdTime>
<ownerDesignName>bdd1</ownerDesignName>
</ColumnProxy>
<ColumnProxy name="UTIL_ID" id="68DC9DCE-1933-7B42-062B-985CE7F1153E">
<createdBy>YvonneY</createdBy>
<createdTime>2017-05-28 21:15:15 UTC</createdTime>
<ownerDesignName>bdd1</ownerDesignName>
</ColumnProxy>
<ColumnProxy name="UTIL_ETAT" id="6DF7C1B1-186F-1AC3-7766-94800C1D1426">
<createdBy>YvonneY</createdBy>
<createdTime>2017-05-28 21:15:15 UTC</createdTime>
<ownerDesignName>bdd1</ownerDesignName>
</ColumnProxy>
</columnProxies>
<indexProxies>
<IndexProxy class="oracle.dbtools.crest.model.design.storage.oracle.v10g.IndexProxyOraclev10g" name="UTILISATEUR_UTIv1_UTIL_ID_IDX" id="595E5293-763B-0A26-F10A-40354D3803E7">
<createdBy>YvonneY</createdBy>
<createdTime>2017-05-28 21:15:15 UTC</createdTime>
<ownerDesignName>bdd1</ownerDesignName>
<schemaObject>A99E4BC8-E1CD-24BE-D313-C1BB866862C0</schemaObject>
</IndexProxy>
</indexProxies>
<primaryKeys>
<PrimaryKey class="oracle.dbtools.crest.model.design.storage.oracle.v10g.PKProxyOraclev10g" name="UTILISATEUR_UTIv1_PK" id="46BD43C3-E0C4-909C-C58C-A5E03245D911">
<createdBy>YvonneY</createdBy>
<createdTime>2017-05-28 21:15:15 UTC</createdTime>
<ownerDesignName>bdd1</ownerDesignName>
<indexSort>SORTED</indexSort>
</PrimaryKey>
</primaryKeys>
</TableProxyOraclev11g>