<?xml version = '1.0' encoding = 'UTF-8'?>
<TableProxyOraclev11g class="oracle.dbtools.crest.model.design.storage.oracle.v11g.TableProxyOraclev11g" name="OPERATEURv1" directorySegmentName="seg_0" id="83D7F9B9-8764-5270-D3C7-8F1BB01DFD67">
<createdBy>YvonneY</createdBy>
<createdTime>2017-05-28 21:15:15 UTC</createdTime>
<ownerDesignName>bdd1</ownerDesignName>
<schemaObject>A99E4BC8-E1CD-24BE-D313-C1BB866862C0</schemaObject>
<logging>YES</logging>
<partitionedRowMovement>DISABLE</partitionedRowMovement>
<temporaryChanged>false</temporaryChanged>
<accessDriverType>oracle_loader</accessDriverType>
<rejectLimit></rejectLimit>
<columnProxies itemClass="oracle.dbtools.crest.model.design.storage.oracle.v12c.ColumnProxyOraclev12c">
<ColumnProxy name="MAINTENANCE_MAINT_ID" id="18A9AA9E-F197-E742-56C7-5B412E363BA3">
<createdBy>YvonneY</createdBy>
<createdTime>2017-05-28 21:17:41 UTC</createdTime>
<ownerDesignName>bdd1</ownerDesignName>
</ColumnProxy>
<ColumnProxy name="OP_ADR" id="AE2FB9B3-0DEC-F161-0E29-206C5291BB41">
<createdBy>YvonneY</createdBy>
<createdTime>2017-05-28 21:15:15 UTC</createdTime>
<ownerDesignName>bdd1</ownerDesignName>
</ColumnProxy>
<ColumnProxy name="OP_ID" id="AFCA031C-4ED3-9074-48CB-2F2F5EEADBBB">
<createdBy>YvonneY</createdBy>
<createdTime>2017-05-28 21:15:15 UTC</createdTime>
<ownerDesignName>bdd1</ownerDesignName>
</ColumnProxy>
<ColumnProxy name="OP_TEL" id="F81D086F-9AD2-4968-9636-A2BFEB8143B7">
<createdBy>YvonneY</createdBy>
<createdTime>2017-05-28 21:15:15 UTC</createdTime>
<ownerDesignName>bdd1</ownerDesignName>
</ColumnProxy>
</columnProxies>
<indexProxies>
<IndexProxy class="oracle.dbtools.crest.model.design.storage.oracle.v10g.IndexProxyOraclev10g" name="OPERATEURv1_OP_ID_IDX" id="E0FBAEAB-5352-4E5D-88DA-9FD8913DA903">
<createdBy>YvonneY</createdBy>
<createdTime>2017-05-28 21:15:15 UTC</createdTime>
<ownerDesignName>bdd1</ownerDesignName>
<schemaObject>A99E4BC8-E1CD-24BE-D313-C1BB866862C0</schemaObject>
</IndexProxy>
</indexProxies>
<foreignKeys>
<ForeignKey class="oracle.dbtools.crest.model.design.storage.oracle.v10g.FKProxyOraclev10g" name="OPERATEURv1_MAINTENANCE_FK" id="50ED66D1-AAA5-8BC5-6FFA-13FC45934737">
<createdBy>YvonneY</createdBy>
<createdTime>2017-05-28 21:17:41 UTC</createdTime>
<ownerDesignName>bdd1</ownerDesignName>
</ForeignKey>
<ForeignKey class="oracle.dbtools.crest.model.design.storage.oracle.v10g.FKProxyOraclev10g" name="OPERATEURv1_UTILISATEUR_UTIv1_FK" id="5D73C234-7BC0-A005-A3F0-4FB6C3C5B566">
<createdBy>YvonneY</createdBy>
<createdTime>2017-05-28 21:15:15 UTC</createdTime>
<ownerDesignName>bdd1</ownerDesignName>
</ForeignKey>
</foreignKeys>
<primaryKeys>
<PrimaryKey class="oracle.dbtools.crest.model.design.storage.oracle.v10g.PKProxyOraclev10g" name="OPERATEURv1_PK" id="3DEEE47B-F9D1-3400-F43B-03EE15B3E4D2">
<createdBy>YvonneY</createdBy>
<createdTime>2017-05-28 21:15:15 UTC</createdTime>
<ownerDesignName>bdd1</ownerDesignName>
<indexSort>SORTED</indexSort>
</PrimaryKey>
</primaryKeys>
</TableProxyOraclev11g>