<?xml version = '1.0' encoding = 'UTF-8'?>
<TableProxyOraclev11g class="oracle.dbtools.crest.model.design.storage.oracle.v11g.TableProxyOraclev11g" name="MAINTENANCE" directorySegmentName="seg_0" id="8B998CB1-1353-6FAD-9615-604377A24035">
<createdBy>YvonneY</createdBy>
<createdTime>2017-05-28 21:12:26 UTC</createdTime>
<ownerDesignName>bdd1</ownerDesignName>
<schemaObject>A99E4BC8-E1CD-24BE-D313-C1BB866862C0</schemaObject>
<logging>YES</logging>
<partitionedRowMovement>DISABLE</partitionedRowMovement>
<segment>B22EC715-661B-A584-3A12-591701D76F47</segment>
<tableSpace>A10AF887-97FB-5F92-CD5D-5095C07F1D6B</tableSpace>
<temporaryChanged>false</temporaryChanged>
<accessDriverType>oracle_loader</accessDriverType>
<rejectLimit></rejectLimit>
<columnProxies itemClass="oracle.dbtools.crest.model.design.storage.oracle.v12c.ColumnProxyOraclev12c">
<ColumnProxy name="MAINT_CONT" id="1D4897A1-73B0-525C-9DA1-37BCBAEC2B5B">
<createdBy>YvonneY</createdBy>
<createdTime>2017-05-28 21:12:26 UTC</createdTime>
<ownerDesignName>bdd1</ownerDesignName>
</ColumnProxy>
<ColumnProxy name="MAINT_IDENT" id="6E052BDC-3F09-9798-4A8B-276CBED44341">
<createdBy>YvonneY</createdBy>
<createdTime>2017-05-28 21:12:26 UTC</createdTime>
<ownerDesignName>bdd1</ownerDesignName>
</ColumnProxy>
<ColumnProxy name="MAINT_DUREE" id="8C1A1E83-3A50-6B86-B8AF-63D9D96D9F4C">
<createdBy>YvonneY</createdBy>
<createdTime>2017-05-28 21:12:26 UTC</createdTime>
<ownerDesignName>bdd1</ownerDesignName>
</ColumnProxy>
<ColumnProxy name="MAINT_ETAT" id="A9F61034-BA5B-CFE1-13FB-A9C6C66079C7">
<createdBy>YvonneY</createdBy>
<createdTime>2017-05-28 21:12:26 UTC</createdTime>
<ownerDesignName>bdd1</ownerDesignName>
</ColumnProxy>
<ColumnProxy name="MAINT_IDOP" id="B0048D52-2D84-F444-C37F-FD4E22E991EE">
<createdBy>YvonneY</createdBy>
<createdTime>2017-05-28 21:12:26 UTC</createdTime>
<ownerDesignName>bdd1</ownerDesignName>
</ColumnProxy>
<ColumnProxy name="MAINT_TYPE" id="DEA1DB00-96C1-AA4F-7146-1066165D5F2C">
<createdBy>YvonneY</createdBy>
<createdTime>2017-05-28 21:12:26 UTC</createdTime>
<ownerDesignName>bdd1</ownerDesignName>
</ColumnProxy>
<ColumnProxy name="MAINT_ID" id="FC1C0459-0CCF-86FB-72EA-942CC908EF40">
<createdBy>YvonneY</createdBy>
<createdTime>2017-05-28 21:12:26 UTC</createdTime>
<ownerDesignName>bdd1</ownerDesignName>
</ColumnProxy>
</columnProxies>
<indexProxies>
<IndexProxy class="oracle.dbtools.crest.model.design.storage.oracle.v10g.IndexProxyOraclev10g" name="MAINTENANCE_PK" id="85720B9C-4ACE-7498-EBAE-E103F1C0567E">
<createdBy>YvonneY</createdBy>
<createdTime>2017-05-28 21:12:26 UTC</createdTime>
<ownerDesignName>bdd1</ownerDesignName>
<schemaObject>A99E4BC8-E1CD-24BE-D313-C1BB866862C0</schemaObject>
<segment>1B03923D-A58E-AC0F-019E-9CBAD5586939</segment>
<tableSpace>A10AF887-97FB-5F92-CD5D-5095C07F1D6B</tableSpace>
</IndexProxy>
</indexProxies>
<foreignKeys>
<ForeignKey class="oracle.dbtools.crest.model.design.storage.oracle.v10g.FKProxyOraclev10g" name="MAINTENANCE_OPERATEURv1_FK" id="CF0C8FD2-537F-9143-29F4-EF5CC73B385F">
<createdBy>YvonneY</createdBy>
<createdTime>2017-05-28 21:19:40 UTC</createdTime>
<ownerDesignName>bdd1</ownerDesignName>
</ForeignKey>
<ForeignKey class="oracle.dbtools.crest.model.design.storage.oracle.v10g.FKProxyOraclev10g" name="MAINTENANCE_ENTREPRISEv1_FK" id="CF6852F1-2221-8787-A328-0DDFB0246CBE">
<createdBy>YvonneY</createdBy>
<createdTime>2017-05-28 21:19:13 UTC</createdTime>
<ownerDesignName>bdd1</ownerDesignName>
</ForeignKey>
</foreignKeys>
<primaryKeys>
<PrimaryKey class="oracle.dbtools.crest.model.design.storage.oracle.v10g.PKProxyOraclev10g" name="MAINTENANCE_PK" id="71EE636D-C301-72C8-8672-4C8AD55CB9E1">
<createdBy>YvonneY</createdBy>
<createdTime>2017-05-28 21:12:26 UTC</createdTime>
<ownerDesignName>bdd1</ownerDesignName>
<segment>1B03923D-A58E-AC0F-019E-9CBAD5586939</segment>
<tableSpace>A10AF887-97FB-5F92-CD5D-5095C07F1D6B</tableSpace>
<existingIndex>85720B9C-4ACE-7498-EBAE-E103F1C0567E</existingIndex>
<indexSegment>1B03923D-A58E-AC0F-019E-9CBAD5586939</indexSegment>
<indexSort>SORTED</indexSort>
<usingIndex>BY INDEX NAME</usingIndex>
</PrimaryKey>
</primaryKeys>
</TableProxyOraclev11g>