<?xml version = '1.0' encoding = 'UTF-8'?>
<TableProxyOraclev11g class="oracle.dbtools.crest.model.design.storage.oracle.v11g.TableProxyOraclev11g" name="OPERATEUR" directorySegmentName="seg_0" id="99B2222B-2ACF-E5A0-9170-986EA1AEC62A">
<createdBy>YvonneY</createdBy>
<createdTime>2017-05-28 21:09:41 UTC</createdTime>
<ownerDesignName>bdd1</ownerDesignName>
<schemaObject>A99E4BC8-E1CD-24BE-D313-C1BB866862C0</schemaObject>
<logging>YES</logging>
<partitionedRowMovement>DISABLE</partitionedRowMovement>
<segment>B22EC715-661B-A584-3A12-591701D76F47</segment>
<tableSpace>A10AF887-97FB-5F92-CD5D-5095C07F1D6B</tableSpace>
<temporaryChanged>false</temporaryChanged>
<accessDriverType>oracle_loader</accessDriverType>
<rejectLimit></rejectLimit>
<columnProxies itemClass="oracle.dbtools.crest.model.design.storage.oracle.v12c.ColumnProxyOraclev12c">
<ColumnProxy name="OP_ID" id="27655FA6-089E-EBBB-508C-D3951A74BD60">
<createdBy>YvonneY</createdBy>
<createdTime>2017-05-28 21:09:41 UTC</createdTime>
<ownerDesignName>bdd1</ownerDesignName>
</ColumnProxy>
<ColumnProxy name="OP_ADR" id="6ABBFEB9-2B32-546E-6EAA-FB1E2EF2F12A">
<createdBy>YvonneY</createdBy>
<createdTime>2017-05-28 21:09:41 UTC</createdTime>
<ownerDesignName>bdd1</ownerDesignName>
</ColumnProxy>
<ColumnProxy name="OP_TEL" id="BE2424B6-E464-EFAD-0F5F-8C43CF3E466E">
<createdBy>YvonneY</createdBy>
<createdTime>2017-05-28 21:09:41 UTC</createdTime>
<ownerDesignName>bdd1</ownerDesignName>
</ColumnProxy>
</columnProxies>
<indexProxies>
<IndexProxy class="oracle.dbtools.crest.model.design.storage.oracle.v10g.IndexProxyOraclev10g" name="OPERATEUR_PK" id="B6035ECE-B4FE-B6D5-24F8-CC56AEDE5AF2">
<createdBy>YvonneY</createdBy>
<createdTime>2017-05-28 21:09:41 UTC</createdTime>
<ownerDesignName>bdd1</ownerDesignName>
<schemaObject>A99E4BC8-E1CD-24BE-D313-C1BB866862C0</schemaObject>
<segment>1B03923D-A58E-AC0F-019E-9CBAD5586939</segment>
<tableSpace>A10AF887-97FB-5F92-CD5D-5095C07F1D6B</tableSpace>
</IndexProxy>
</indexProxies>
<foreignKeys>
<ForeignKey class="oracle.dbtools.crest.model.design.storage.oracle.v10g.FKProxyOraclev10g" name="FKOP" id="FDE2287D-FFF1-BF86-6567-32120C2C2B47">
<createdBy>YvonneY</createdBy>
<createdTime>2017-05-28 21:09:41 UTC</createdTime>
<ownerDesignName>bdd1</ownerDesignName>
</ForeignKey>
</foreignKeys>
<primaryKeys>
<PrimaryKey class="oracle.dbtools.crest.model.design.storage.oracle.v10g.PKProxyOraclev10g" name="OPERATEUR_PK" id="9ED850D4-7639-B41E-92A1-10845D90CD25">
<createdBy>YvonneY</createdBy>
<createdTime>2017-05-28 21:09:41 UTC</createdTime>
<ownerDesignName>bdd1</ownerDesignName>
<segment>1B03923D-A58E-AC0F-019E-9CBAD5586939</segment>
<tableSpace>A10AF887-97FB-5F92-CD5D-5095C07F1D6B</tableSpace>
<existingIndex>B6035ECE-B4FE-B6D5-24F8-CC56AEDE5AF2</existingIndex>
<indexSegment>1B03923D-A58E-AC0F-019E-9CBAD5586939</indexSegment>
<indexSort>SORTED</indexSort>
<usingIndex>BY INDEX NAME</usingIndex>
</PrimaryKey>
</primaryKeys>
</TableProxyOraclev11g>