<?xml version = '1.0' encoding = 'UTF-8'?>
<TableProxyOraclev11g class="oracle.dbtools.crest.model.design.storage.oracle.v11g.TableProxyOraclev11g" name="ENTREPRISE" directorySegmentName="seg_0" id="B0AA5A74-9322-85AE-722B-508338D6891B">
<createdBy>YvonneY</createdBy>
<createdTime>2017-05-28 21:09:41 UTC</createdTime>
<ownerDesignName>bdd1</ownerDesignName>
<schemaObject>A99E4BC8-E1CD-24BE-D313-C1BB866862C0</schemaObject>
<logging>YES</logging>
<partitionedRowMovement>DISABLE</partitionedRowMovement>
<segment>B22EC715-661B-A584-3A12-591701D76F47</segment>
<tableSpace>A10AF887-97FB-5F92-CD5D-5095C07F1D6B</tableSpace>
<temporaryChanged>false</temporaryChanged>
<accessDriverType>oracle_loader</accessDriverType>
<rejectLimit></rejectLimit>
<columnProxies itemClass="oracle.dbtools.crest.model.design.storage.oracle.v12c.ColumnProxyOraclev12c">
<ColumnProxy name="ENT_ADRESSE" id="5E405C62-DF46-B4F0-4D9F-DA4E20D58D5B">
<createdBy>YvonneY</createdBy>
<createdTime>2017-05-28 21:09:41 UTC</createdTime>
<ownerDesignName>bdd1</ownerDesignName>
</ColumnProxy>
<ColumnProxy name="ENT_NOM" id="90294E2F-CC11-B999-2156-F2716ADFB9E0">
<createdBy>YvonneY</createdBy>
<createdTime>2017-05-28 21:09:41 UTC</createdTime>
<ownerDesignName>bdd1</ownerDesignName>
</ColumnProxy>
<ColumnProxy name="ENT_APE" id="CBDBA17B-85C1-6BE9-9544-C947C084D5CD">
<createdBy>YvonneY</createdBy>
<createdTime>2017-05-28 21:09:41 UTC</createdTime>
<ownerDesignName>bdd1</ownerDesignName>
</ColumnProxy>
<ColumnProxy name="ENT_NSIRET" id="EC71224C-48EE-9C11-616F-010D161A889C">
<createdBy>YvonneY</createdBy>
<createdTime>2017-05-28 21:09:41 UTC</createdTime>
<ownerDesignName>bdd1</ownerDesignName>
</ColumnProxy>
</columnProxies>
<indexProxies>
<IndexProxy class="oracle.dbtools.crest.model.design.storage.oracle.v10g.IndexProxyOraclev10g" name="ENTREPRISE_PK" id="9DDEA416-AD19-96C1-275B-78F8D4C7262D">
<createdBy>YvonneY</createdBy>
<createdTime>2017-05-28 21:09:41 UTC</createdTime>
<ownerDesignName>bdd1</ownerDesignName>
<schemaObject>A99E4BC8-E1CD-24BE-D313-C1BB866862C0</schemaObject>
<segment>1B03923D-A58E-AC0F-019E-9CBAD5586939</segment>
<tableSpace>A10AF887-97FB-5F92-CD5D-5095C07F1D6B</tableSpace>
</IndexProxy>
</indexProxies>
<foreignKeys>
<ForeignKey class="oracle.dbtools.crest.model.design.storage.oracle.v10g.FKProxyOraclev10g" name="FK" id="AC75F86B-F8FE-8FC1-DD5C-7BFB49EE61B4">
<createdBy>YvonneY</createdBy>
<createdTime>2017-05-28 21:09:41 UTC</createdTime>
<ownerDesignName>bdd1</ownerDesignName>
</ForeignKey>
</foreignKeys>
<primaryKeys>
<PrimaryKey class="oracle.dbtools.crest.model.design.storage.oracle.v10g.PKProxyOraclev10g" name="ENTREPRISE_PK" id="9E89412F-9CED-3D6D-BEF0-D0B71DB543A0">
<createdBy>YvonneY</createdBy>
<createdTime>2017-05-28 21:09:41 UTC</createdTime>
<ownerDesignName>bdd1</ownerDesignName>
<segment>1B03923D-A58E-AC0F-019E-9CBAD5586939</segment>
<tableSpace>A10AF887-97FB-5F92-CD5D-5095C07F1D6B</tableSpace>
<existingIndex>9DDEA416-AD19-96C1-275B-78F8D4C7262D</existingIndex>
<indexSegment>1B03923D-A58E-AC0F-019E-9CBAD5586939</indexSegment>
<indexSort>SORTED</indexSort>
<usingIndex>BY INDEX NAME</usingIndex>
</PrimaryKey>
</primaryKeys>
</TableProxyOraclev11g>