<?xml version = '1.0' encoding = 'UTF-8'?>
<TableProxyOraclev11g class="oracle.dbtools.crest.model.design.storage.oracle.v11g.TableProxyOraclev11g" name="UTILISATEUR_UTI" directorySegmentName="seg_0" id="B4F06B77-6E4D-DA83-EC34-F9ED1317371F">
<createdBy>YvonneY</createdBy>
<createdTime>2017-05-28 21:09:41 UTC</createdTime>
<ownerDesignName>bdd1</ownerDesignName>
<schemaObject>A99E4BC8-E1CD-24BE-D313-C1BB866862C0</schemaObject>
<logging>YES</logging>
<partitionedRowMovement>DISABLE</partitionedRowMovement>
<segment>B22EC715-661B-A584-3A12-591701D76F47</segment>
<tableSpace>A10AF887-97FB-5F92-CD5D-5095C07F1D6B</tableSpace>
<temporaryChanged>false</temporaryChanged>
<accessDriverType>oracle_loader</accessDriverType>
<rejectLimit></rejectLimit>
<columnProxies itemClass="oracle.dbtools.crest.model.design.storage.oracle.v12c.ColumnProxyOraclev12c">
<ColumnProxy name="UTIL_NOM" id="0506A906-6C43-08F5-DBB3-69B8CA9507CB">
<createdBy>YvonneY</createdBy>
<createdTime>2017-05-28 21:09:41 UTC</createdTime>
<ownerDesignName>bdd1</ownerDesignName>
</ColumnProxy>
<ColumnProxy name="UTIL_MDP" id="072C3435-83C1-E326-06FB-BB910A7B94F5">
<createdBy>YvonneY</createdBy>
<createdTime>2017-05-28 21:09:41 UTC</createdTime>
<ownerDesignName>bdd1</ownerDesignName>
</ColumnProxy>
<ColumnProxy name="UTIL_ID" id="08AD20A1-F6B8-F365-F687-5EC9D2F491B0">
<createdBy>YvonneY</createdBy>
<createdTime>2017-05-28 21:09:41 UTC</createdTime>
<ownerDesignName>bdd1</ownerDesignName>
</ColumnProxy>
<ColumnProxy name="UTIL_PRENOM" id="3033AE61-C452-1F6F-AF27-D80D81B2B4AD">
<createdBy>YvonneY</createdBy>
<createdTime>2017-05-28 21:09:41 UTC</createdTime>
<ownerDesignName>bdd1</ownerDesignName>
</ColumnProxy>
<ColumnProxy name="UTIL_ETAT" id="98311046-8B81-B737-1B4B-FABC512D17C0">
<createdBy>YvonneY</createdBy>
<createdTime>2017-05-28 21:09:41 UTC</createdTime>
<ownerDesignName>bdd1</ownerDesignName>
</ColumnProxy>
</columnProxies>
<indexProxies>
<IndexProxy class="oracle.dbtools.crest.model.design.storage.oracle.v10g.IndexProxyOraclev10g" name="UTILISATEUR_UTI_PK1" id="E90CF625-EEF6-1D89-6FEF-E323DC9AFE80">
<createdBy>YvonneY</createdBy>
<createdTime>2017-05-28 21:09:41 UTC</createdTime>
<ownerDesignName>bdd1</ownerDesignName>
<schemaObject>A99E4BC8-E1CD-24BE-D313-C1BB866862C0</schemaObject>
<segment>1B03923D-A58E-AC0F-019E-9CBAD5586939</segment>
<tableSpace>A10AF887-97FB-5F92-CD5D-5095C07F1D6B</tableSpace>
</IndexProxy>
</indexProxies>
<primaryKeys>
<PrimaryKey class="oracle.dbtools.crest.model.design.storage.oracle.v10g.PKProxyOraclev10g" name="UTILISATEUR_UTI_PK" id="4F374C91-2C2F-3693-F294-E96797A497D6">
<createdBy>YvonneY</createdBy>
<createdTime>2017-05-28 21:09:41 UTC</createdTime>
<ownerDesignName>bdd1</ownerDesignName>
<segment>1B03923D-A58E-AC0F-019E-9CBAD5586939</segment>
<tableSpace>A10AF887-97FB-5F92-CD5D-5095C07F1D6B</tableSpace>
<existingIndex>E90CF625-EEF6-1D89-6FEF-E323DC9AFE80</existingIndex>
<indexSegment>1B03923D-A58E-AC0F-019E-9CBAD5586939</indexSegment>
<indexSort>SORTED</indexSort>
<usingIndex>BY INDEX NAME</usingIndex>
</PrimaryKey>
</primaryKeys>
</TableProxyOraclev11g>