<?xml version = '1.0' encoding = 'UTF-8'?>
<TableProxyOraclev11g class="oracle.dbtools.crest.model.design.storage.oracle.v11g.TableProxyOraclev11g" name="DEVIS" directorySegmentName="seg_0" id="D5E537A2-E19F-1DA6-4F49-48999D31F642">
<createdBy>YvonneY</createdBy>
<createdTime>2017-05-28 21:12:26 UTC</createdTime>
<ownerDesignName>bdd1</ownerDesignName>
<schemaObject>A99E4BC8-E1CD-24BE-D313-C1BB866862C0</schemaObject>
<logging>YES</logging>
<partitionedRowMovement>DISABLE</partitionedRowMovement>
<segment>B22EC715-661B-A584-3A12-591701D76F47</segment>
<tableSpace>A10AF887-97FB-5F92-CD5D-5095C07F1D6B</tableSpace>
<temporaryChanged>false</temporaryChanged>
<accessDriverType>oracle_loader</accessDriverType>
<rejectLimit></rejectLimit>
<columnProxies itemClass="oracle.dbtools.crest.model.design.storage.oracle.v12c.ColumnProxyOraclev12c">
<ColumnProxy name="DEVIS_ETAT" id="6CA16924-CAD5-9DCD-29F1-06E59FB456CA">
<createdBy>YvonneY</createdBy>
<createdTime>2017-05-28 21:12:26 UTC</createdTime>
<ownerDesignName>bdd1</ownerDesignName>
</ColumnProxy>
<ColumnProxy name="DEVIS_ID" id="C24F4C79-8E29-FD3F-30D0-FF9A8984B420">
<createdBy>YvonneY</createdBy>
<createdTime>2017-05-28 21:12:26 UTC</createdTime>
<ownerDesignName>bdd1</ownerDesignName>
</ColumnProxy>
<ColumnProxy name="DEVIS_COUT" id="CB09CC87-CFA4-1692-CCA8-9727B7F1217E">
<createdBy>YvonneY</createdBy>
<createdTime>2017-05-28 21:12:26 UTC</createdTime>
<ownerDesignName>bdd1</ownerDesignName>
</ColumnProxy>
<ColumnProxy name="MAINT_REF" id="D4A8ED6F-19CD-FB84-B638-DE7055F22C24">
<createdBy>YvonneY</createdBy>
<createdTime>2017-05-28 21:12:26 UTC</createdTime>
<ownerDesignName>bdd1</ownerDesignName>
</ColumnProxy>
</columnProxies>
<indexProxies>
<IndexProxy class="oracle.dbtools.crest.model.design.storage.oracle.v10g.IndexProxyOraclev10g" name="DEVIS_PK" id="97C1A6BE-5C5F-B309-08B7-B0AFA7DF985E">
<createdBy>YvonneY</createdBy>
<createdTime>2017-05-28 21:12:26 UTC</createdTime>
<ownerDesignName>bdd1</ownerDesignName>
<schemaObject>A99E4BC8-E1CD-24BE-D313-C1BB866862C0</schemaObject>
<parallel>YES</parallel>
<segment>1B03923D-A58E-AC0F-019E-9CBAD5586939</segment>
<tableSpace>A10AF887-97FB-5F92-CD5D-5095C07F1D6B</tableSpace>
</IndexProxy>
</indexProxies>
<foreignKeys>
<ForeignKey class="oracle.dbtools.crest.model.design.storage.oracle.v10g.FKProxyOraclev10g" name="FKM" id="EF02CD4A-DD00-16DC-66BD-A5143F4B6167">
<createdBy>YvonneY</createdBy>
<createdTime>2017-05-28 21:12:26 UTC</createdTime>
<ownerDesignName>bdd1</ownerDesignName>
</ForeignKey>
</foreignKeys>
<primaryKeys>
<PrimaryKey class="oracle.dbtools.crest.model.design.storage.oracle.v10g.PKProxyOraclev10g" name="DEVIS_PK" id="926CB4A4-4631-710A-C35E-D1E9D123D009">
<createdBy>YvonneY</createdBy>
<createdTime>2017-05-28 21:12:26 UTC</createdTime>
<ownerDesignName>bdd1</ownerDesignName>
<segment>1B03923D-A58E-AC0F-019E-9CBAD5586939</segment>
<tableSpace>A10AF887-97FB-5F92-CD5D-5095C07F1D6B</tableSpace>
<existingIndex>97C1A6BE-5C5F-B309-08B7-B0AFA7DF985E</existingIndex>
<indexSegment>1B03923D-A58E-AC0F-019E-9CBAD5586939</indexSegment>
<indexSort>SORTED</indexSort>
<usingIndex>BY INDEX NAME</usingIndex>
</PrimaryKey>
</primaryKeys>
</TableProxyOraclev11g>