<?xml version = '1.0' encoding = 'UTF-8'?>
<TableProxyOraclev11g class="oracle.dbtools.crest.model.design.storage.oracle.v11g.TableProxyOraclev11g" name="SURCOUT" directorySegmentName="seg_0" id="E4FC83B2-6BE0-AB4E-D048-180CB0CA1C0E">
<createdBy>YvonneY</createdBy>
<createdTime>2017-05-28 21:14:23 UTC</createdTime>
<ownerDesignName>bdd1</ownerDesignName>
<schemaObject>A99E4BC8-E1CD-24BE-D313-C1BB866862C0</schemaObject>
<logging>YES</logging>
<partitionedRowMovement>DISABLE</partitionedRowMovement>
<segment>B22EC715-661B-A584-3A12-591701D76F47</segment>
<tableSpace>A10AF887-97FB-5F92-CD5D-5095C07F1D6B</tableSpace>
<temporaryChanged>false</temporaryChanged>
<accessDriverType>oracle_loader</accessDriverType>
<rejectLimit></rejectLimit>
<columnProxies itemClass="oracle.dbtools.crest.model.design.storage.oracle.v12c.ColumnProxyOraclev12c">
<ColumnProxy name="ID" id="405CACD6-4863-2919-F61F-0510E18B8F37">
<createdBy>YvonneY</createdBy>
<createdTime>2017-05-28 21:14:23 UTC</createdTime>
<ownerDesignName>bdd1</ownerDesignName>
</ColumnProxy>
<ColumnProxy name="SURCOUT_RM" id="57B867D3-C183-C67F-F402-FFC3F0F798DA">
<createdBy>YvonneY</createdBy>
<createdTime>2017-05-28 21:14:23 UTC</createdTime>
<ownerDesignName>bdd1</ownerDesignName>
</ColumnProxy>
<ColumnProxy name="SURCOUT_P" id="8BB7FD7F-366C-E371-B3F0-8DCE437B821D">
<createdBy>YvonneY</createdBy>
<createdTime>2017-05-28 21:14:23 UTC</createdTime>
<ownerDesignName>bdd1</ownerDesignName>
</ColumnProxy>
<ColumnProxy name="DEVIS_ID" id="C49D75A5-7382-DBAC-0B49-2B09238DBC57">
<createdBy>YvonneY</createdBy>
<createdTime>2017-05-28 21:14:23 UTC</createdTime>
<ownerDesignName>bdd1</ownerDesignName>
</ColumnProxy>
</columnProxies>
<indexProxies>
<IndexProxy class="oracle.dbtools.crest.model.design.storage.oracle.v10g.IndexProxyOraclev10g" name="SURCOUT_PK" id="97399CD0-8E63-5304-F6C6-F0F77560FF7D">
<createdBy>YvonneY</createdBy>
<createdTime>2017-05-28 21:14:23 UTC</createdTime>
<ownerDesignName>bdd1</ownerDesignName>
<schemaObject>A99E4BC8-E1CD-24BE-D313-C1BB866862C0</schemaObject>
<segment>1B03923D-A58E-AC0F-019E-9CBAD5586939</segment>
<tableSpace>A10AF887-97FB-5F92-CD5D-5095C07F1D6B</tableSpace>
</IndexProxy>
</indexProxies>
<foreignKeys>
<ForeignKey class="oracle.dbtools.crest.model.design.storage.oracle.v10g.FKProxyOraclev10g" name="SURCOUT_FK1" id="FDF8A7B4-59D1-B867-77E5-5A867D54DF6D">
<createdBy>YvonneY</createdBy>
<createdTime>2017-05-28 21:14:23 UTC</createdTime>
<ownerDesignName>bdd1</ownerDesignName>
</ForeignKey>
</foreignKeys>
<primaryKeys>
<PrimaryKey class="oracle.dbtools.crest.model.design.storage.oracle.v10g.PKProxyOraclev10g" name="SURCOUT_PK" id="17EF37AD-31E7-C16D-7B52-596950A5DBEF">
<createdBy>YvonneY</createdBy>
<createdTime>2017-05-28 21:14:23 UTC</createdTime>
<ownerDesignName>bdd1</ownerDesignName>
<segment>1B03923D-A58E-AC0F-019E-9CBAD5586939</segment>
<tableSpace>A10AF887-97FB-5F92-CD5D-5095C07F1D6B</tableSpace>
<existingIndex>97399CD0-8E63-5304-F6C6-F0F77560FF7D</existingIndex>
<indexSegment>1B03923D-A58E-AC0F-019E-9CBAD5586939</indexSegment>
<indexSort>SORTED</indexSort>
<usingIndex>BY INDEX NAME</usingIndex>
</PrimaryKey>
</primaryKeys>
</TableProxyOraclev11g>