<?xml version = '1.0' encoding = 'UTF-8'?>
<SegmentOraclev10g class="oracle.dbtools.crest.model.design.storage.oracle.v10g.SegmentOraclev10g" name="Storage2" directorySegmentName="seg_0" id="1B03923D-A58E-AC0F-019E-9CBAD5586939">
<createdBy>YvonneY</createdBy>
<createdTime>2017-05-28 21:08:45 UTC</createdTime>
<ownerDesignName>bdd1</ownerDesignName>
<initrans>2</initrans>
<maxTrans>255</maxTrans>
<scInitialExtent>65536</scInitialExtent>
<scMaxExtents>2147483645</scMaxExtents>
<scNextExtent>1048576</scNextExtent>
</SegmentOraclev10g>