<?xml version = '1.0' encoding = 'UTF-8'?>
<Table class="oracle.dbtools.crest.model.design.relational.Table" directorySegmentName="seg_0" id="83D7F9B9-8764-5270-D3C7-8F1BB01DFD67" schemaObject="A99E4BC8-E1CD-24BE-D313-C1BB866862C0" name="OPERATEURv1">
<createdBy>YvonneY</createdBy>
<createdTime>2017-05-28 21:15:15 UTC</createdTime>
<ownerDesignName>bdd1</ownerDesignName>
<allowColumnReorder>false</allowColumnReorder>
<existDependencyGenerateInDDl>true</existDependencyGenerateInDDl>
<parsed>true</parsed>
<columns itemClass="oracle.dbtools.crest.model.design.relational.Column">
<Column name="OP_ID" id="AFCA031C-4ED3-9074-48CB-2F2F5EEADBBB">
<createdBy>YvonneY</createdBy>
<createdTime>2017-05-28 21:15:15 UTC</createdTime>
<ownerDesignName>bdd1</ownerDesignName>
<useDomainConstraints>false</useDomainConstraints>
<use>1</use>
<logicalDatatype>LOGDT019</logicalDatatype>
<ownDataTypeParameters>,,</ownDataTypeParameters>
<autoIncrementCycle>false</autoIncrementCycle>
<associations>
<colAssociation fkAssociation="134D98F3-D753-A997-C89E-DB263806D9C0" referredColumn="68DC9DCE-1933-7B42-062B-985CE7F1153E"/>
</associations>
</Column>
<Column name="OP_ADR" id="AE2FB9B3-0DEC-F161-0E29-206C5291BB41">
<createdBy>YvonneY</createdBy>
<createdTime>2017-05-28 21:15:15 UTC</createdTime>
<ownerDesignName>bdd1</ownerDesignName>
<nullsAllowed>true</nullsAllowed>
<useDomainConstraints>false</useDomainConstraints>
<use>1</use>
<logicalDatatype>LOGDT024</logicalDatatype>
<dataTypeSize>20 BYTE</dataTypeSize>
<ownDataTypeParameters>20 BYTE,,</ownDataTypeParameters>
<autoIncrementCycle>false</autoIncrementCycle>
</Column>
<Column name="OP_TEL" id="F81D086F-9AD2-4968-9636-A2BFEB8143B7">
<createdBy>YvonneY</createdBy>
<createdTime>2017-05-28 21:15:15 UTC</createdTime>
<ownerDesignName>bdd1</ownerDesignName>
<nullsAllowed>true</nullsAllowed>
<useDomainConstraints>false</useDomainConstraints>
<use>1</use>
<logicalDatatype>LOGDT024</logicalDatatype>
<dataTypeSize>20 BYTE</dataTypeSize>
<ownDataTypeParameters>20 BYTE,,</ownDataTypeParameters>
<autoIncrementCycle>false</autoIncrementCycle>
</Column>
<Column name="MAINTENANCE_MAINT_ID" id="18A9AA9E-F197-E742-56C7-5B412E363BA3">
<createdBy>YvonneY</createdBy>
<createdTime>2017-05-28 21:17:41 UTC</createdTime>
<ownerDesignName>bdd1</ownerDesignName>
<useDomainConstraints>false</useDomainConstraints>
<use>1</use>
<logicalDatatype>LOGDT019</logicalDatatype>
<ownDataTypeParameters>,,</ownDataTypeParameters>
<previousColumn>false</previousColumn>
<autoIncrementCycle>false</autoIncrementCycle>
<associations>
<colAssociation fkAssociation="6FC2238C-9E4D-96FD-D7AA-C271284D7AE0" referredColumn="FC1C0459-0CCF-86FB-72EA-942CC908EF40"/>
</associations>
</Column>
</columns>
<indexes itemClass="oracle.dbtools.crest.model.design.relational.Index">
<ind_PK_UK id="3DEEE47B-F9D1-3400-F43B-03EE15B3E4D2" name="OPERATEURv1_PK">
<createdBy>YvonneY</createdBy>
<createdTime>2017-05-28 21:15:15 UTC</createdTime>
<ownerDesignName>bdd1</ownerDesignName>
<pk>true</pk>
<indexState>Primary Constraint</indexState>
<isSurrogateKey>false</isSurrogateKey>
<indexColumnUsage>
<colUsage columnID="AFCA031C-4ED3-9074-48CB-2F2F5EEADBBB"/>
</indexColumnUsage>
</ind_PK_UK>
<ind_PK_UK id="E0FBAEAB-5352-4E5D-88DA-9FD8913DA903" schemaObject="A99E4BC8-E1CD-24BE-D313-C1BB866862C0" name="OPERATEURv1_OP_ID_IDX">
<createdBy>YvonneY</createdBy>
<createdTime>2017-05-28 21:15:15 UTC</createdTime>
<ownerDesignName>bdd1</ownerDesignName>
<indexState>Unique Plain Index</indexState>
<isSurrogateKey>false</isSurrogateKey>
<indexColumnUsage>
<colUsage columnID="AFCA031C-4ED3-9074-48CB-2F2F5EEADBBB"/>
</indexColumnUsage>
</ind_PK_UK>
<ind_PK_UK id="5D73C234-7BC0-A005-A3F0-4FB6C3C5B566" name="OPERATEURv1_UTILISATEUR_UTIv1_FK">
<createdBy>YvonneY</createdBy>
<createdTime>2017-05-28 21:15:15 UTC</createdTime>
<ownerDesignName>bdd1</ownerDesignName>
<indexState>Foreign Key</indexState>
<isSurrogateKey>false</isSurrogateKey>
<indexColumnUsage>
<colUsage columnID="AFCA031C-4ED3-9074-48CB-2F2F5EEADBBB"/>
</indexColumnUsage>
</ind_PK_UK>
<ind_PK_UK id="50ED66D1-AAA5-8BC5-6FFA-13FC45934737" name="OPERATEURv1_MAINTENANCE_FK">
<createdBy>YvonneY</createdBy>
<createdTime>2017-05-28 21:17:41 UTC</createdTime>
<ownerDesignName>bdd1</ownerDesignName>
<indexState>Foreign Key</indexState>
<isSurrogateKey>false</isSurrogateKey>
<indexColumnUsage>
<colUsage columnID="18A9AA9E-F197-E742-56C7-5B412E363BA3"/>
</indexColumnUsage>
</ind_PK_UK>
</indexes>
</Table>