<?xml version = '1.0' encoding = 'UTF-8'?>
<Table class="oracle.dbtools.crest.model.design.relational.Table" directorySegmentName="seg_0" id="8B998CB1-1353-6FAD-9615-604377A24035" schemaObject="A99E4BC8-E1CD-24BE-D313-C1BB866862C0" name="MAINTENANCE">
<createdBy>YvonneY</createdBy>
<createdTime>2017-05-28 21:12:26 UTC</createdTime>
<ownerDesignName>bdd1</ownerDesignName>
<importedID>C24059B1-4E17-E780-58F0-507B05DB97DE</importedID>
<allowColumnReorder>false</allowColumnReorder>
<existDependencyGenerateInDDl>true</existDependencyGenerateInDDl>
<parsed>true</parsed>
<columns itemClass="oracle.dbtools.crest.model.design.relational.Column">
<Column name="MAINT_ID" id="FC1C0459-0CCF-86FB-72EA-942CC908EF40">
<createdBy>YvonneY</createdBy>
<createdTime>2017-05-28 21:12:26 UTC</createdTime>
<ownerDesignName>bdd1</ownerDesignName>
<importedID>FC74B416-42AB-BA62-CB94-4BA56A9D55D7</importedID>
<useDomainConstraints>false</useDomainConstraints>
<use>1</use>
<logicalDatatype>LOGDT019</logicalDatatype>
<ownDataTypeParameters>,,</ownDataTypeParameters>
<autoIncrementCycle>false</autoIncrementCycle>
</Column>
<Column name="MAINT_CONT" id="1D4897A1-73B0-525C-9DA1-37BCBAEC2B5B">
<createdBy>YvonneY</createdBy>
<createdTime>2017-05-28 21:12:26 UTC</createdTime>
<ownerDesignName>bdd1</ownerDesignName>
<importedID>45E9C3D7-D32A-49FB-D37B-27D9AD2DF8E4</importedID>
<nullsAllowed>true</nullsAllowed>
<useDomainConstraints>false</useDomainConstraints>
<use>1</use>
<logicalDatatype>LOGDT024</logicalDatatype>
<dataTypeSize>20 BYTE</dataTypeSize>
<ownDataTypeParameters>20 BYTE,,</ownDataTypeParameters>
<autoIncrementCycle>false</autoIncrementCycle>
</Column>
<Column name="MAINT_TYPE" id="DEA1DB00-96C1-AA4F-7146-1066165D5F2C">
<createdBy>YvonneY</createdBy>
<createdTime>2017-05-28 21:12:26 UTC</createdTime>
<ownerDesignName>bdd1</ownerDesignName>
<importedID>B8A0E15F-8D7B-7B86-513B-F6A74EEB25DB</importedID>
<nullsAllowed>true</nullsAllowed>
<useDomainConstraints>false</useDomainConstraints>
<use>1</use>
<logicalDatatype>LOGDT024</logicalDatatype>
<dataTypeSize>20 BYTE</dataTypeSize>
<ownDataTypeParameters>20 BYTE,,</ownDataTypeParameters>
<autoIncrementCycle>false</autoIncrementCycle>
</Column>
<Column name="MAINT_DUREE" id="8C1A1E83-3A50-6B86-B8AF-63D9D96D9F4C">
<createdBy>YvonneY</createdBy>
<createdTime>2017-05-28 21:12:26 UTC</createdTime>
<ownerDesignName>bdd1</ownerDesignName>
<importedID>AAE73938-7144-B139-620C-0C545D64C568</importedID>
<nullsAllowed>true</nullsAllowed>
<useDomainConstraints>false</useDomainConstraints>
<use>1</use>
<logicalDatatype>LOGDT024</logicalDatatype>
<dataTypeSize>20 BYTE</dataTypeSize>
<ownDataTypeParameters>20 BYTE,,</ownDataTypeParameters>
<autoIncrementCycle>false</autoIncrementCycle>
</Column>
<Column name="MAINT_ETAT" id="A9F61034-BA5B-CFE1-13FB-A9C6C66079C7">
<createdBy>YvonneY</createdBy>
<createdTime>2017-05-28 21:12:26 UTC</createdTime>
<ownerDesignName>bdd1</ownerDesignName>
<importedID>A0BAD4DE-572B-76AC-5E47-06982B772F66</importedID>
<nullsAllowed>true</nullsAllowed>
<useDomainConstraints>false</useDomainConstraints>
<use>1</use>
<logicalDatatype>LOGDT019</logicalDatatype>
<ownDataTypeParameters>,,</ownDataTypeParameters>
<autoIncrementCycle>false</autoIncrementCycle>
</Column>
<Column name="MAINT_IDOP" id="B0048D52-2D84-F444-C37F-FD4E22E991EE">
<createdBy>YvonneY</createdBy>
<createdTime>2017-05-28 21:12:26 UTC</createdTime>
<ownerDesignName>bdd1</ownerDesignName>
<importedID>3105CE46-920B-EE6E-2C73-5DD7D3545C34</importedID>
<useDomainConstraints>false</useDomainConstraints>
<use>1</use>
<logicalDatatype>LOGDT019</logicalDatatype>
<ownDataTypeParameters>,,</ownDataTypeParameters>
<autoIncrementCycle>false</autoIncrementCycle>
<associations>
<colAssociation fkAssociation="C80BD92E-55B1-0EFE-C5CA-F23E8AEF5968" referredColumn="AFCA031C-4ED3-9074-48CB-2F2F5EEADBBB"/>
</associations>
</Column>
<Column name="MAINT_IDENT" id="6E052BDC-3F09-9798-4A8B-276CBED44341">
<createdBy>YvonneY</createdBy>
<createdTime>2017-05-28 21:12:26 UTC</createdTime>
<ownerDesignName>bdd1</ownerDesignName>
<importedID>DD0B3DAA-945D-806D-1B5B-EE45018CDEB2</importedID>
<useDomainConstraints>false</useDomainConstraints>
<use>1</use>
<logicalDatatype>LOGDT019</logicalDatatype>
<ownDataTypeParameters>,,</ownDataTypeParameters>
<autoIncrementCycle>false</autoIncrementCycle>
<associations>
<colAssociation fkAssociation="3B4B7D19-3840-A086-0C6E-269007077CFE" referredColumn="3CFC9470-8ED2-1EA0-27F0-4A19EF40A226"/>
</associations>
</Column>
</columns>
<indexes itemClass="oracle.dbtools.crest.model.design.relational.Index">
<ind_PK_UK id="71EE636D-C301-72C8-8672-4C8AD55CB9E1" name="MAINTENANCE_PK">
<createdBy>YvonneY</createdBy>
<createdTime>2017-05-28 21:12:26 UTC</createdTime>
<ownerDesignName>bdd1</ownerDesignName>
<importedID>92AA3619-D51F-D45C-A835-05D329FF5480</importedID>
<pk>true</pk>
<indexState>Primary Constraint</indexState>
<isSurrogateKey>false</isSurrogateKey>
<indexColumnUsage>
<colUsage columnID="FC1C0459-0CCF-86FB-72EA-942CC908EF40"/>
</indexColumnUsage>
</ind_PK_UK>
<ind_PK_UK id="85720B9C-4ACE-7498-EBAE-E103F1C0567E" schemaObject="A99E4BC8-E1CD-24BE-D313-C1BB866862C0" name="MAINTENANCE_PK">
<createdBy>YvonneY</createdBy>
<createdTime>2017-05-28 21:12:26 UTC</createdTime>
<ownerDesignName>bdd1</ownerDesignName>
<importedID>E71277A7-5603-57C6-7C64-64DA19D08983</importedID>
<indexState>Unique Plain Index</indexState>
<isSurrogateKey>false</isSurrogateKey>
<indexColumnUsage>
<colUsage columnID="FC1C0459-0CCF-86FB-72EA-942CC908EF40"/>
</indexColumnUsage>
</ind_PK_UK>
<ind_PK_UK id="CF6852F1-2221-8787-A328-0DDFB0246CBE" name="MAINTENANCE_ENTREPRISEv1_FK">
<createdBy>YvonneY</createdBy>
<createdTime>2017-05-28 21:19:13 UTC</createdTime>
<ownerDesignName>bdd1</ownerDesignName>
<indexState>Foreign Key</indexState>
<isSurrogateKey>false</isSurrogateKey>
<indexColumnUsage>
<colUsage columnID="6E052BDC-3F09-9798-4A8B-276CBED44341"/>
</indexColumnUsage>
</ind_PK_UK>
<ind_PK_UK id="CF0C8FD2-537F-9143-29F4-EF5CC73B385F" name="MAINTENANCE_OPERATEURv1_FK">
<createdBy>YvonneY</createdBy>
<createdTime>2017-05-28 21:19:40 UTC</createdTime>
<ownerDesignName>bdd1</ownerDesignName>
<indexState>Foreign Key</indexState>
<isSurrogateKey>false</isSurrogateKey>
<indexColumnUsage>
<colUsage columnID="B0048D52-2D84-F444-C37F-FD4E22E991EE"/>
</indexColumnUsage>
</ind_PK_UK>
</indexes>
</Table>