<?xml version = '1.0' encoding = 'UTF-8'?>
<Table class="oracle.dbtools.crest.model.design.relational.Table" directorySegmentName="seg_0" id="99B2222B-2ACF-E5A0-9170-986EA1AEC62A" schemaObject="A99E4BC8-E1CD-24BE-D313-C1BB866862C0" name="OPERATEUR">
<createdBy>YvonneY</createdBy>
<createdTime>2017-05-28 21:09:41 UTC</createdTime>
<ownerDesignName>bdd1</ownerDesignName>
<importedID>F91E98E7-7B47-EF54-4F58-68C6FEC36F7B</importedID>
<allowColumnReorder>false</allowColumnReorder>
<existDependencyGenerateInDDl>true</existDependencyGenerateInDDl>
<parsed>true</parsed>
<columns itemClass="oracle.dbtools.crest.model.design.relational.Column">
<Column name="OP_ID" id="27655FA6-089E-EBBB-508C-D3951A74BD60">
<createdBy>YvonneY</createdBy>
<createdTime>2017-05-28 21:09:41 UTC</createdTime>
<ownerDesignName>bdd1</ownerDesignName>
<importedID>709AB002-F70E-35EF-B177-8CF20E190F32</importedID>
<useDomainConstraints>false</useDomainConstraints>
<use>1</use>
<logicalDatatype>LOGDT019</logicalDatatype>
<ownDataTypeParameters>,,</ownDataTypeParameters>
<autoIncrementCycle>false</autoIncrementCycle>
<associations>
<colAssociation fkAssociation="63A211B5-3813-0C78-8287-E4B84EE13394" referredColumn="08AD20A1-F6B8-F365-F687-5EC9D2F491B0"/>
</associations>
</Column>
<Column name="OP_ADR" id="6ABBFEB9-2B32-546E-6EAA-FB1E2EF2F12A">
<createdBy>YvonneY</createdBy>
<createdTime>2017-05-28 21:09:41 UTC</createdTime>
<ownerDesignName>bdd1</ownerDesignName>
<importedID>C2629EEC-A7BF-FC54-C800-8A97636D75C6</importedID>
<nullsAllowed>true</nullsAllowed>
<useDomainConstraints>false</useDomainConstraints>
<use>1</use>
<logicalDatatype>LOGDT024</logicalDatatype>
<dataTypeSize>20 BYTE</dataTypeSize>
<ownDataTypeParameters>20 BYTE,,</ownDataTypeParameters>
<autoIncrementCycle>false</autoIncrementCycle>
</Column>
<Column name="OP_TEL" id="BE2424B6-E464-EFAD-0F5F-8C43CF3E466E">
<createdBy>YvonneY</createdBy>
<createdTime>2017-05-28 21:09:41 UTC</createdTime>
<ownerDesignName>bdd1</ownerDesignName>
<importedID>666E7915-B31F-2BB5-5ADE-476CCCE6A7A6</importedID>
<nullsAllowed>true</nullsAllowed>
<useDomainConstraints>false</useDomainConstraints>
<use>1</use>
<logicalDatatype>LOGDT024</logicalDatatype>
<dataTypeSize>20 BYTE</dataTypeSize>
<ownDataTypeParameters>20 BYTE,,</ownDataTypeParameters>
<autoIncrementCycle>false</autoIncrementCycle>
</Column>
</columns>
<indexes itemClass="oracle.dbtools.crest.model.design.relational.Index">
<ind_PK_UK id="9ED850D4-7639-B41E-92A1-10845D90CD25" name="OPERATEUR_PK">
<createdBy>YvonneY</createdBy>
<createdTime>2017-05-28 21:09:41 UTC</createdTime>
<ownerDesignName>bdd1</ownerDesignName>
<importedID>31F9C46B-ED7F-BD84-1388-6FDB7E2347F1</importedID>
<pk>true</pk>
<indexState>Primary Constraint</indexState>
<isSurrogateKey>false</isSurrogateKey>
<indexColumnUsage>
<colUsage columnID="27655FA6-089E-EBBB-508C-D3951A74BD60"/>
</indexColumnUsage>
</ind_PK_UK>
<ind_PK_UK id="B6035ECE-B4FE-B6D5-24F8-CC56AEDE5AF2" schemaObject="A99E4BC8-E1CD-24BE-D313-C1BB866862C0" name="OPERATEUR_PK">
<createdBy>YvonneY</createdBy>
<createdTime>2017-05-28 21:09:41 UTC</createdTime>
<ownerDesignName>bdd1</ownerDesignName>
<importedID>94CD6FB8-04C7-EEF1-0E33-88FB66E4CD70</importedID>
<indexState>Unique Plain Index</indexState>
<isSurrogateKey>false</isSurrogateKey>
<indexColumnUsage>
<colUsage columnID="27655FA6-089E-EBBB-508C-D3951A74BD60"/>
</indexColumnUsage>
</ind_PK_UK>
<ind_PK_UK id="FDE2287D-FFF1-BF86-6567-32120C2C2B47" name="FKOP">
<createdBy>YvonneY</createdBy>
<createdTime>2017-05-28 21:09:41 UTC</createdTime>
<ownerDesignName>bdd1</ownerDesignName>
<indexState>Foreign Key</indexState>
<isSurrogateKey>false</isSurrogateKey>
<indexColumnUsage>
<colUsage columnID="27655FA6-089E-EBBB-508C-D3951A74BD60"/>
</indexColumnUsage>
</ind_PK_UK>
</indexes>
</Table>