<?xml version = '1.0' encoding = 'UTF-8'?>
<Table class="oracle.dbtools.crest.model.design.relational.Table" directorySegmentName="seg_0" id="A98D3A61-E2DE-508A-D6FF-E5C58A0D360C" schemaObject="A99E4BC8-E1CD-24BE-D313-C1BB866862C0" name="ENTREPRISEv1">
<createdBy>YvonneY</createdBy>
<createdTime>2017-05-28 21:15:15 UTC</createdTime>
<ownerDesignName>bdd1</ownerDesignName>
<allowColumnReorder>false</allowColumnReorder>
<existDependencyGenerateInDDl>true</existDependencyGenerateInDDl>
<parsed>true</parsed>
<columns itemClass="oracle.dbtools.crest.model.design.relational.Column">
<Column name="ENT_NOM" id="826AC3D0-4086-CEE4-FBF7-416F112397F3">
<createdBy>YvonneY</createdBy>
<createdTime>2017-05-28 21:15:15 UTC</createdTime>
<ownerDesignName>bdd1</ownerDesignName>
<nullsAllowed>true</nullsAllowed>
<useDomainConstraints>false</useDomainConstraints>
<use>1</use>
<logicalDatatype>LOGDT024</logicalDatatype>
<dataTypeSize>20 BYTE</dataTypeSize>
<ownDataTypeParameters>20 BYTE,,</ownDataTypeParameters>
<autoIncrementCycle>false</autoIncrementCycle>
</Column>
<Column name="ENT_APE" id="3638F239-74CF-4AD5-1F65-B72258E582FE">
<createdBy>YvonneY</createdBy>
<createdTime>2017-05-28 21:15:15 UTC</createdTime>
<ownerDesignName>bdd1</ownerDesignName>
<nullsAllowed>true</nullsAllowed>
<useDomainConstraints>false</useDomainConstraints>
<use>1</use>
<logicalDatatype>LOGDT024</logicalDatatype>
<dataTypeSize>20 BYTE</dataTypeSize>
<ownDataTypeParameters>20 BYTE,,</ownDataTypeParameters>
<autoIncrementCycle>false</autoIncrementCycle>
</Column>
<Column name="ENT_ADRESSE" id="91E46083-CDE0-289B-A382-996C4259CB4F">
<createdBy>YvonneY</createdBy>
<createdTime>2017-05-28 21:15:15 UTC</createdTime>
<ownerDesignName>bdd1</ownerDesignName>
<nullsAllowed>true</nullsAllowed>
<useDomainConstraints>false</useDomainConstraints>
<use>1</use>
<logicalDatatype>LOGDT024</logicalDatatype>
<dataTypeSize>20 BYTE</dataTypeSize>
<ownDataTypeParameters>20 BYTE,,</ownDataTypeParameters>
<autoIncrementCycle>false</autoIncrementCycle>
</Column>
<Column name="ENT_NSIRET" id="3CFC9470-8ED2-1EA0-27F0-4A19EF40A226">
<createdBy>YvonneY</createdBy>
<createdTime>2017-05-28 21:15:15 UTC</createdTime>
<ownerDesignName>bdd1</ownerDesignName>
<useDomainConstraints>false</useDomainConstraints>
<use>1</use>
<logicalDatatype>LOGDT019</logicalDatatype>
<ownDataTypeParameters>,,</ownDataTypeParameters>
<autoIncrementCycle>false</autoIncrementCycle>
<associations>
<colAssociation fkAssociation="0257C806-48C8-5381-D999-E6C649D789BA" referredColumn="68DC9DCE-1933-7B42-062B-985CE7F1153E"/>
</associations>
</Column>
</columns>
<indexes itemClass="oracle.dbtools.crest.model.design.relational.Index">
<ind_PK_UK id="758E9917-9FA0-D85F-EDFF-73C3983B62BD" name="ENTREPRISEv1_PK">
<createdBy>YvonneY</createdBy>
<createdTime>2017-05-28 21:15:15 UTC</createdTime>
<ownerDesignName>bdd1</ownerDesignName>
<pk>true</pk>
<indexState>Primary Constraint</indexState>
<isSurrogateKey>false</isSurrogateKey>
<indexColumnUsage>
<colUsage columnID="3CFC9470-8ED2-1EA0-27F0-4A19EF40A226"/>
</indexColumnUsage>
</ind_PK_UK>
<ind_PK_UK id="2E6B3E36-87E7-D40F-F617-998C5AF1FE30" schemaObject="A99E4BC8-E1CD-24BE-D313-C1BB866862C0" name="ENTREPRISEv1_ENT_NSIRET_IDX">
<createdBy>YvonneY</createdBy>
<createdTime>2017-05-28 21:15:15 UTC</createdTime>
<ownerDesignName>bdd1</ownerDesignName>
<indexState>Unique Plain Index</indexState>
<isSurrogateKey>false</isSurrogateKey>
<indexColumnUsage>
<colUsage columnID="3CFC9470-8ED2-1EA0-27F0-4A19EF40A226"/>
</indexColumnUsage>
</ind_PK_UK>
<ind_PK_UK id="055C5CEA-A0B3-77C2-0D7E-6DA4C0F999DB" name="ENTREPRISEv1_UTILISATEUR_UTIv1_FK">
<createdBy>YvonneY</createdBy>
<createdTime>2017-05-28 21:15:15 UTC</createdTime>
<ownerDesignName>bdd1</ownerDesignName>
<indexState>Foreign Key</indexState>
<isSurrogateKey>false</isSurrogateKey>
<indexColumnUsage>
<colUsage columnID="3CFC9470-8ED2-1EA0-27F0-4A19EF40A226"/>
</indexColumnUsage>
</ind_PK_UK>
</indexes>
</Table>