<?xml version = '1.0' encoding = 'UTF-8'?>
<Table class="oracle.dbtools.crest.model.design.relational.Table" directorySegmentName="seg_0" id="B0AA5A74-9322-85AE-722B-508338D6891B" schemaObject="A99E4BC8-E1CD-24BE-D313-C1BB866862C0" name="ENTREPRISE">
<createdBy>YvonneY</createdBy>
<createdTime>2017-05-28 21:09:41 UTC</createdTime>
<ownerDesignName>bdd1</ownerDesignName>
<importedID>3885CA94-A27F-23CC-5E4F-918616AB7F8F</importedID>
<allowColumnReorder>false</allowColumnReorder>
<existDependencyGenerateInDDl>true</existDependencyGenerateInDDl>
<parsed>true</parsed>
<columns itemClass="oracle.dbtools.crest.model.design.relational.Column">
<Column name="ENT_NOM" id="90294E2F-CC11-B999-2156-F2716ADFB9E0">
<createdBy>YvonneY</createdBy>
<createdTime>2017-05-28 21:09:41 UTC</createdTime>
<ownerDesignName>bdd1</ownerDesignName>
<importedID>6C802F55-9A93-045C-672D-FF534FE24630</importedID>
<nullsAllowed>true</nullsAllowed>
<useDomainConstraints>false</useDomainConstraints>
<use>1</use>
<logicalDatatype>LOGDT024</logicalDatatype>
<dataTypeSize>20 BYTE</dataTypeSize>
<ownDataTypeParameters>20 BYTE,,</ownDataTypeParameters>
<autoIncrementCycle>false</autoIncrementCycle>
</Column>
<Column name="ENT_APE" id="CBDBA17B-85C1-6BE9-9544-C947C084D5CD">
<createdBy>YvonneY</createdBy>
<createdTime>2017-05-28 21:09:41 UTC</createdTime>
<ownerDesignName>bdd1</ownerDesignName>
<importedID>215A494B-C64D-8F92-E550-CFD4878FCC06</importedID>
<nullsAllowed>true</nullsAllowed>
<useDomainConstraints>false</useDomainConstraints>
<use>1</use>
<logicalDatatype>LOGDT024</logicalDatatype>
<dataTypeSize>20 BYTE</dataTypeSize>
<ownDataTypeParameters>20 BYTE,,</ownDataTypeParameters>
<autoIncrementCycle>false</autoIncrementCycle>
</Column>
<Column name="ENT_ADRESSE" id="5E405C62-DF46-B4F0-4D9F-DA4E20D58D5B">
<createdBy>YvonneY</createdBy>
<createdTime>2017-05-28 21:09:41 UTC</createdTime>
<ownerDesignName>bdd1</ownerDesignName>
<importedID>1DD6A605-7523-F4E8-4F23-A27EC28D23FB</importedID>
<nullsAllowed>true</nullsAllowed>
<useDomainConstraints>false</useDomainConstraints>
<use>1</use>
<logicalDatatype>LOGDT024</logicalDatatype>
<dataTypeSize>20 BYTE</dataTypeSize>
<ownDataTypeParameters>20 BYTE,,</ownDataTypeParameters>
<autoIncrementCycle>false</autoIncrementCycle>
</Column>
<Column name="ENT_NSIRET" id="EC71224C-48EE-9C11-616F-010D161A889C">
<createdBy>YvonneY</createdBy>
<createdTime>2017-05-28 21:09:41 UTC</createdTime>
<ownerDesignName>bdd1</ownerDesignName>
<importedID>4E019240-FCAF-EE9E-423B-7EECC0F2AB7D</importedID>
<useDomainConstraints>false</useDomainConstraints>
<use>1</use>
<logicalDatatype>LOGDT019</logicalDatatype>
<ownDataTypeParameters>,,</ownDataTypeParameters>
<autoIncrementCycle>false</autoIncrementCycle>
<associations>
<colAssociation fkAssociation="D92C4770-F1AF-D003-A9E6-B54508250488" referredColumn="08AD20A1-F6B8-F365-F687-5EC9D2F491B0"/>
</associations>
</Column>
</columns>
<indexes itemClass="oracle.dbtools.crest.model.design.relational.Index">
<ind_PK_UK id="9E89412F-9CED-3D6D-BEF0-D0B71DB543A0" name="ENTREPRISE_PK">
<createdBy>YvonneY</createdBy>
<createdTime>2017-05-28 21:09:41 UTC</createdTime>
<ownerDesignName>bdd1</ownerDesignName>
<importedID>E722D62B-3AC0-8386-0DFC-3D705CFBC7DE</importedID>
<pk>true</pk>
<indexState>Primary Constraint</indexState>
<isSurrogateKey>false</isSurrogateKey>
<indexColumnUsage>
<colUsage columnID="EC71224C-48EE-9C11-616F-010D161A889C"/>
</indexColumnUsage>
</ind_PK_UK>
<ind_PK_UK id="9DDEA416-AD19-96C1-275B-78F8D4C7262D" schemaObject="A99E4BC8-E1CD-24BE-D313-C1BB866862C0" name="ENTREPRISE_PK">
<createdBy>YvonneY</createdBy>
<createdTime>2017-05-28 21:09:41 UTC</createdTime>
<ownerDesignName>bdd1</ownerDesignName>
<importedID>8138B1D7-D0D1-20BC-0A91-D276C64A400B</importedID>
<indexState>Unique Plain Index</indexState>
<isSurrogateKey>false</isSurrogateKey>
<indexColumnUsage>
<colUsage columnID="EC71224C-48EE-9C11-616F-010D161A889C"/>
</indexColumnUsage>
</ind_PK_UK>
<ind_PK_UK id="AC75F86B-F8FE-8FC1-DD5C-7BFB49EE61B4" name="FK">
<createdBy>YvonneY</createdBy>
<createdTime>2017-05-28 21:09:41 UTC</createdTime>
<ownerDesignName>bdd1</ownerDesignName>
<indexState>Foreign Key</indexState>
<isSurrogateKey>false</isSurrogateKey>
<indexColumnUsage>
<colUsage columnID="EC71224C-48EE-9C11-616F-010D161A889C"/>
</indexColumnUsage>
</ind_PK_UK>
</indexes>
</Table>