<?xml version = '1.0' encoding = 'UTF-8'?>
<Table class="oracle.dbtools.crest.model.design.relational.Table" directorySegmentName="seg_0" id="B4F06B77-6E4D-DA83-EC34-F9ED1317371F" schemaObject="A99E4BC8-E1CD-24BE-D313-C1BB866862C0" name="UTILISATEUR_UTI">
<createdBy>YvonneY</createdBy>
<createdTime>2017-05-28 21:09:41 UTC</createdTime>
<ownerDesignName>bdd1</ownerDesignName>
<importedID>59B99737-0F75-A8FA-EBCD-FA7A882DF078</importedID>
<allowColumnReorder>false</allowColumnReorder>
<existDependencyGenerateInDDl>true</existDependencyGenerateInDDl>
<parsed>true</parsed>
<columns itemClass="oracle.dbtools.crest.model.design.relational.Column">
<Column name="UTIL_NOM" id="0506A906-6C43-08F5-DBB3-69B8CA9507CB">
<createdBy>YvonneY</createdBy>
<createdTime>2017-05-28 21:09:41 UTC</createdTime>
<ownerDesignName>bdd1</ownerDesignName>
<importedID>C99001C2-5C34-30F0-A7D7-588A6C043595</importedID>
<nullsAllowed>true</nullsAllowed>
<useDomainConstraints>false</useDomainConstraints>
<use>1</use>
<logicalDatatype>LOGDT024</logicalDatatype>
<dataTypeSize>20 BYTE</dataTypeSize>
<ownDataTypeParameters>20 BYTE,,</ownDataTypeParameters>
<autoIncrementCycle>false</autoIncrementCycle>
</Column>
<Column name="UTIL_PRENOM" id="3033AE61-C452-1F6F-AF27-D80D81B2B4AD">
<createdBy>YvonneY</createdBy>
<createdTime>2017-05-28 21:09:41 UTC</createdTime>
<ownerDesignName>bdd1</ownerDesignName>
<importedID>73EC29CE-9B26-F3B3-D7C6-C7673CFDB2D5</importedID>
<nullsAllowed>true</nullsAllowed>
<useDomainConstraints>false</useDomainConstraints>
<use>1</use>
<logicalDatatype>LOGDT024</logicalDatatype>
<dataTypeSize>20 BYTE</dataTypeSize>
<ownDataTypeParameters>20 BYTE,,</ownDataTypeParameters>
<autoIncrementCycle>false</autoIncrementCycle>
</Column>
<Column name="UTIL_MDP" id="072C3435-83C1-E326-06FB-BB910A7B94F5">
<createdBy>YvonneY</createdBy>
<createdTime>2017-05-28 21:09:41 UTC</createdTime>
<ownerDesignName>bdd1</ownerDesignName>
<importedID>274E8046-4E98-16AB-2A8C-09D91D7D0F46</importedID>
<nullsAllowed>true</nullsAllowed>
<useDomainConstraints>false</useDomainConstraints>
<use>1</use>
<logicalDatatype>LOGDT024</logicalDatatype>
<dataTypeSize>20 BYTE</dataTypeSize>
<ownDataTypeParameters>20 BYTE,,</ownDataTypeParameters>
<autoIncrementCycle>false</autoIncrementCycle>
</Column>
<Column name="UTIL_ETAT" id="98311046-8B81-B737-1B4B-FABC512D17C0">
<createdBy>YvonneY</createdBy>
<createdTime>2017-05-28 21:09:41 UTC</createdTime>
<ownerDesignName>bdd1</ownerDesignName>
<importedID>5B8EAB7C-2DF4-5C92-5F70-E4D2FE2279D5</importedID>
<nullsAllowed>true</nullsAllowed>
<useDomainConstraints>false</useDomainConstraints>
<use>1</use>
<logicalDatatype>LOGDT019</logicalDatatype>
<dataTypePrecision>*</dataTypePrecision>
<dataTypeScale>0</dataTypeScale>
<ownDataTypeParameters>,*,0</ownDataTypeParameters>
<autoIncrementCycle>false</autoIncrementCycle>
</Column>
<Column name="UTIL_ID" id="08AD20A1-F6B8-F365-F687-5EC9D2F491B0">
<createdBy>YvonneY</createdBy>
<createdTime>2017-05-28 21:09:41 UTC</createdTime>
<ownerDesignName>bdd1</ownerDesignName>
<importedID>F6D81FC2-5BF3-AD9A-9DC2-C56CBA01B4F5</importedID>
<useDomainConstraints>false</useDomainConstraints>
<use>1</use>
<logicalDatatype>LOGDT019</logicalDatatype>
<ownDataTypeParameters>,,</ownDataTypeParameters>
<autoIncrementCycle>false</autoIncrementCycle>
</Column>
</columns>
<indexes itemClass="oracle.dbtools.crest.model.design.relational.Index">
<ind_PK_UK id="4F374C91-2C2F-3693-F294-E96797A497D6" name="UTILISATEUR_UTI_PK">
<createdBy>YvonneY</createdBy>
<createdTime>2017-05-28 21:09:41 UTC</createdTime>
<ownerDesignName>bdd1</ownerDesignName>
<importedID>BB9BC73D-16DF-966B-49E1-FF9300BEED4A</importedID>
<pk>true</pk>
<indexState>Primary Constraint</indexState>
<isSurrogateKey>false</isSurrogateKey>
<indexColumnUsage>
<colUsage columnID="08AD20A1-F6B8-F365-F687-5EC9D2F491B0"/>
</indexColumnUsage>
</ind_PK_UK>
<ind_PK_UK id="E90CF625-EEF6-1D89-6FEF-E323DC9AFE80" schemaObject="A99E4BC8-E1CD-24BE-D313-C1BB866862C0" name="UTILISATEUR_UTI_PK1">
<createdBy>YvonneY</createdBy>
<createdTime>2017-05-28 21:09:41 UTC</createdTime>
<ownerDesignName>bdd1</ownerDesignName>
<importedID>52CC3590-8BAB-190A-3237-5A28910617C1</importedID>
<indexState>Unique Plain Index</indexState>
<isSurrogateKey>false</isSurrogateKey>
<indexColumnUsage>
<colUsage columnID="08AD20A1-F6B8-F365-F687-5EC9D2F491B0"/>
</indexColumnUsage>
</ind_PK_UK>
</indexes>
</Table>