<?xml version = '1.0' encoding = 'UTF-8'?>
<Table class="oracle.dbtools.crest.model.design.relational.Table" directorySegmentName="seg_0" id="D5E537A2-E19F-1DA6-4F49-48999D31F642" schemaObject="A99E4BC8-E1CD-24BE-D313-C1BB866862C0" name="DEVIS">
<createdBy>YvonneY</createdBy>
<createdTime>2017-05-28 21:12:26 UTC</createdTime>
<ownerDesignName>bdd1</ownerDesignName>
<importedID>01B59B7A-42AE-5B46-D198-B905F32D690F</importedID>
<allowColumnReorder>false</allowColumnReorder>
<existDependencyGenerateInDDl>true</existDependencyGenerateInDDl>
<parsed>true</parsed>
<columns itemClass="oracle.dbtools.crest.model.design.relational.Column">
<Column name="DEVIS_ID" id="C24F4C79-8E29-FD3F-30D0-FF9A8984B420">
<createdBy>YvonneY</createdBy>
<createdTime>2017-05-28 21:12:26 UTC</createdTime>
<ownerDesignName>bdd1</ownerDesignName>
<importedID>6C0E594F-7A24-8BEA-5873-87048A43977C</importedID>
<useDomainConstraints>false</useDomainConstraints>
<use>1</use>
<logicalDatatype>LOGDT019</logicalDatatype>
<ownDataTypeParameters>,,</ownDataTypeParameters>
<autoIncrementCycle>false</autoIncrementCycle>
</Column>
<Column name="MAINT_REF" id="D4A8ED6F-19CD-FB84-B638-DE7055F22C24">
<createdBy>YvonneY</createdBy>
<createdTime>2017-05-28 21:12:26 UTC</createdTime>
<ownerDesignName>bdd1</ownerDesignName>
<importedID>E4D13C3C-8A47-7190-8783-6B84C365C99A</importedID>
<useDomainConstraints>false</useDomainConstraints>
<use>1</use>
<logicalDatatype>LOGDT019</logicalDatatype>
<ownDataTypeParameters>,,</ownDataTypeParameters>
<autoIncrementCycle>false</autoIncrementCycle>
<associations>
<colAssociation fkAssociation="BAD8655E-C4FC-D879-EA17-DED665688FDA" referredColumn="FC1C0459-0CCF-86FB-72EA-942CC908EF40"/>
</associations>
</Column>
<Column name="DEVIS_COUT" id="CB09CC87-CFA4-1692-CCA8-9727B7F1217E">
<createdBy>YvonneY</createdBy>
<createdTime>2017-05-28 21:12:26 UTC</createdTime>
<ownerDesignName>bdd1</ownerDesignName>
<importedID>E7307333-28F0-8A30-C1E6-1F05AA700ED9</importedID>
<nullsAllowed>true</nullsAllowed>
<useDomainConstraints>false</useDomainConstraints>
<use>1</use>
<logicalDatatype>LOGDT021</logicalDatatype>
<dataTypePrecision>126</dataTypePrecision>
<ownDataTypeParameters>,126,</ownDataTypeParameters>
<autoIncrementCycle>false</autoIncrementCycle>
</Column>
<Column name="DEVIS_ETAT" id="6CA16924-CAD5-9DCD-29F1-06E59FB456CA">
<createdBy>YvonneY</createdBy>
<createdTime>2017-05-28 21:12:26 UTC</createdTime>
<ownerDesignName>bdd1</ownerDesignName>
<importedID>E95DAFFA-B49C-B390-76C1-444CF10E63FC</importedID>
<nullsAllowed>true</nullsAllowed>
<useDomainConstraints>false</useDomainConstraints>
<use>1</use>
<logicalDatatype>LOGDT019</logicalDatatype>
<ownDataTypeParameters>,,</ownDataTypeParameters>
<autoIncrementCycle>false</autoIncrementCycle>
</Column>
</columns>
<indexes itemClass="oracle.dbtools.crest.model.design.relational.Index">
<ind_PK_UK id="926CB4A4-4631-710A-C35E-D1E9D123D009" name="DEVIS_PK">
<createdBy>YvonneY</createdBy>
<createdTime>2017-05-28 21:12:26 UTC</createdTime>
<ownerDesignName>bdd1</ownerDesignName>
<importedID>AA72E3E1-31EF-E873-E1AE-21147375C048</importedID>
<pk>true</pk>
<indexState>Primary Constraint</indexState>
<isSurrogateKey>false</isSurrogateKey>
<indexColumnUsage>
<colUsage columnID="C24F4C79-8E29-FD3F-30D0-FF9A8984B420"/>
</indexColumnUsage>
</ind_PK_UK>
<ind_PK_UK id="97C1A6BE-5C5F-B309-08B7-B0AFA7DF985E" schemaObject="A99E4BC8-E1CD-24BE-D313-C1BB866862C0" name="DEVIS_PK">
<createdBy>YvonneY</createdBy>
<createdTime>2017-05-28 21:12:26 UTC</createdTime>
<ownerDesignName>bdd1</ownerDesignName>
<importedID>4CDE9B6A-5DDD-9DD9-6528-86B4E64F5F2A</importedID>
<indexState>Unique Plain Index</indexState>
<isSurrogateKey>false</isSurrogateKey>
<indexColumnUsage>
<colUsage columnID="C24F4C79-8E29-FD3F-30D0-FF9A8984B420"/>
</indexColumnUsage>
</ind_PK_UK>
<ind_PK_UK id="EF02CD4A-DD00-16DC-66BD-A5143F4B6167" name="FKM">
<createdBy>YvonneY</createdBy>
<createdTime>2017-05-28 21:12:26 UTC</createdTime>
<ownerDesignName>bdd1</ownerDesignName>
<indexState>Foreign Key</indexState>
<isSurrogateKey>false</isSurrogateKey>
<indexColumnUsage>
<colUsage columnID="D4A8ED6F-19CD-FB84-B638-DE7055F22C24"/>
</indexColumnUsage>
</ind_PK_UK>
</indexes>
</Table>