<?xml version = '1.0' encoding = 'UTF-8'?>
<Table class="oracle.dbtools.crest.model.design.relational.Table" directorySegmentName="seg_0" id="E4FC83B2-6BE0-AB4E-D048-180CB0CA1C0E" schemaObject="A99E4BC8-E1CD-24BE-D313-C1BB866862C0" name="SURCOUT">
<createdBy>YvonneY</createdBy>
<createdTime>2017-05-28 21:14:23 UTC</createdTime>
<ownerDesignName>bdd1</ownerDesignName>
<importedID>C8786AA5-8477-7246-D13E-DFB1CB896D36</importedID>
<allowColumnReorder>false</allowColumnReorder>
<existDependencyGenerateInDDl>true</existDependencyGenerateInDDl>
<parsed>true</parsed>
<columns itemClass="oracle.dbtools.crest.model.design.relational.Column">
<Column name="DEVIS_ID" id="C49D75A5-7382-DBAC-0B49-2B09238DBC57">
<createdBy>YvonneY</createdBy>
<createdTime>2017-05-28 21:14:23 UTC</createdTime>
<ownerDesignName>bdd1</ownerDesignName>
<importedID>D295B727-0387-0FA1-7732-353585C13B28</importedID>
<useDomainConstraints>false</useDomainConstraints>
<use>1</use>
<logicalDatatype>LOGDT019</logicalDatatype>
<ownDataTypeParameters>,,</ownDataTypeParameters>
<autoIncrementCycle>false</autoIncrementCycle>
<associations>
<colAssociation fkAssociation="8D9C5103-FC9B-182C-F779-2EA71367B8F5" referredColumn="C24F4C79-8E29-FD3F-30D0-FF9A8984B420"/>
</associations>
</Column>
<Column name="SURCOUT_P" id="8BB7FD7F-366C-E371-B3F0-8DCE437B821D">
<createdBy>YvonneY</createdBy>
<createdTime>2017-05-28 21:14:23 UTC</createdTime>
<ownerDesignName>bdd1</ownerDesignName>
<importedID>F0635860-F264-F1EB-18EC-3D4B2838FDD9</importedID>
<nullsAllowed>true</nullsAllowed>
<useDomainConstraints>false</useDomainConstraints>
<use>1</use>
<logicalDatatype>LOGDT021</logicalDatatype>
<dataTypePrecision>126</dataTypePrecision>
<ownDataTypeParameters>,126,</ownDataTypeParameters>
<autoIncrementCycle>false</autoIncrementCycle>
</Column>
<Column name="SURCOUT_RM" id="57B867D3-C183-C67F-F402-FFC3F0F798DA">
<createdBy>YvonneY</createdBy>
<createdTime>2017-05-28 21:14:23 UTC</createdTime>
<ownerDesignName>bdd1</ownerDesignName>
<importedID>B0C3A1E5-0C11-36D2-A33B-0EF43464CA6F</importedID>
<nullsAllowed>true</nullsAllowed>
<useDomainConstraints>false</useDomainConstraints>
<use>1</use>
<logicalDatatype>LOGDT024</logicalDatatype>
<dataTypeSize>20 BYTE</dataTypeSize>
<ownDataTypeParameters>20 BYTE,,</ownDataTypeParameters>
<autoIncrementCycle>false</autoIncrementCycle>
</Column>
<Column name="ID" id="405CACD6-4863-2919-F61F-0510E18B8F37">
<createdBy>YvonneY</createdBy>
<createdTime>2017-05-28 21:14:23 UTC</createdTime>
<ownerDesignName>bdd1</ownerDesignName>
<importedID>7FA06D8E-95DB-A4FD-63B4-FCCDB398FEC5</importedID>
<useDomainConstraints>false</useDomainConstraints>
<use>1</use>
<logicalDatatype>LOGDT024</logicalDatatype>
<dataTypeSize>20 BYTE</dataTypeSize>
<ownDataTypeParameters>20 BYTE,,</ownDataTypeParameters>
<autoIncrementCycle>false</autoIncrementCycle>
</Column>
</columns>
<indexes itemClass="oracle.dbtools.crest.model.design.relational.Index">
<ind_PK_UK id="17EF37AD-31E7-C16D-7B52-596950A5DBEF" name="SURCOUT_PK">
<createdBy>YvonneY</createdBy>
<createdTime>2017-05-28 21:14:23 UTC</createdTime>
<ownerDesignName>bdd1</ownerDesignName>
<importedID>C1D477FE-F583-BC8E-8E4B-A51DECC16562</importedID>
<pk>true</pk>
<indexState>Primary Constraint</indexState>
<isSurrogateKey>false</isSurrogateKey>
<indexColumnUsage>
<colUsage columnID="405CACD6-4863-2919-F61F-0510E18B8F37"/>
</indexColumnUsage>
</ind_PK_UK>
<ind_PK_UK id="97399CD0-8E63-5304-F6C6-F0F77560FF7D" schemaObject="A99E4BC8-E1CD-24BE-D313-C1BB866862C0" name="SURCOUT_PK">
<createdBy>YvonneY</createdBy>
<createdTime>2017-05-28 21:14:23 UTC</createdTime>
<ownerDesignName>bdd1</ownerDesignName>
<importedID>0BE0982E-81C7-5CDF-8F2F-E2D2E4C8594F</importedID>
<indexState>Unique Plain Index</indexState>
<isSurrogateKey>false</isSurrogateKey>
<indexColumnUsage>
<colUsage columnID="405CACD6-4863-2919-F61F-0510E18B8F37"/>
</indexColumnUsage>
</ind_PK_UK>
<ind_PK_UK id="FDF8A7B4-59D1-B867-77E5-5A867D54DF6D" name="SURCOUT_FK1">
<createdBy>YvonneY</createdBy>
<createdTime>2017-05-28 21:14:23 UTC</createdTime>
<ownerDesignName>bdd1</ownerDesignName>
<indexState>Foreign Key</indexState>
<isSurrogateKey>false</isSurrogateKey>
<indexColumnUsage>
<colUsage columnID="C49D75A5-7382-DBAC-0B49-2B09238DBC57"/>
</indexColumnUsage>
</ind_PK_UK>
</indexes>
</Table>