<?xml version = '1.0' encoding = 'UTF-8'?>
<Diagram class="oracle.dbtools.crest.swingui.relational.DPVRelationalSubView" name="bdd1 - SubView_2" id="1F5563FE-E83D-0176-CCD1-535A006690DA">
<createdBy>YvonneY</createdBy>
<modifiedBy>YvonneY</modifiedBy>
<createdTime>2017-05-28 21:12:26 UTC</createdTime>
<autoRoute>false</autoRoute>
<boxInbox>true</boxInbox>
<showLegend>false</showLegend>
<showLabels>false</showLabels>
<showRelAttributes>false</showRelAttributes>
<gridEnabled>false</gridEnabled>
<showGrid>false</showGrid>
<diagramColor>-1</diagramColor>
<display>false</display>
<notation>1</notation>
<objectViews>
<OView class="oracle.dbtools.crest.swingui.relational.TVTable" oid="99B2222B-2ACF-E5A0-9170-986EA1AEC62A" otype="Table" vid="D6A51598-4ED5-71C0-4715-FEFC9684D112">
<hideElementsInCurrentOnly>false</hideElementsInCurrentOnly>
<bounds x="20" y="418" width="208" height="128"/>
</OView>
<OView class="oracle.dbtools.crest.swingui.relational.TVTable" oid="B0AA5A74-9322-85AE-722B-508338D6891B" otype="Table" vid="9FE13904-5836-FD32-4C16-F041F3C7601B">
<hideElementsInCurrentOnly>false</hideElementsInCurrentOnly>
<bounds x="20" y="20" width="242" height="142"/>
</OView>
<OView class="oracle.dbtools.crest.swingui.relational.TVTable" oid="B4F06B77-6E4D-DA83-EC34-F9ED1317371F" otype="Table" vid="B0826238-D699-F648-2300-490EECD48DA0">
<hideElementsInCurrentOnly>false</hideElementsInCurrentOnly>
<bounds x="20" y="222" width="240" height="136"/>
</OView>
</objectViews>
<connectors>
<Connector class="oracle.dbtools.crest.swingui.relational.TVFKRelation" oid="63A211B5-3813-0C78-8287-E4B84EE13394" otype="FKIndexAssociation" vid_source="B0826238-D699-F648-2300-490EECD48DA0" vid_target="D6A51598-4ED5-71C0-4715-FEFC9684D112">
<hideElementsInCurrentOnly>false</hideElementsInCurrentOnly>
<lineWidth>1</lineWidth>
<points>
<point x="124" y="358"/>
<point x="124" y="418"/>
</points>
</Connector>
<Connector class="oracle.dbtools.crest.swingui.relational.TVFKRelation" oid="D92C4770-F1AF-D003-A9E6-B54508250488" otype="FKIndexAssociation" vid_source="B0826238-D699-F648-2300-490EECD48DA0" vid_target="9FE13904-5836-FD32-4C16-F041F3C7601B">
<hideElementsInCurrentOnly>false</hideElementsInCurrentOnly>
<lineWidth>1</lineWidth>
<points>
<point x="140" y="222"/>
<point x="140" y="162"/>
</points>
</Connector>
</connectors>
</Diagram>