<?xml version = '1.0' encoding = 'UTF-8'?>
<Diagram class="oracle.dbtools.crest.swingui.relational.DPVRelationalSubView" name="bdd1 - SubView_3" id="243D3239-8A3D-AB3B-A340-9977170FE32C">
<createdBy>YvonneY</createdBy>
<modifiedBy>YvonneY</modifiedBy>
<createdTime>2017-05-28 21:12:35 UTC</createdTime>
<autoRoute>false</autoRoute>
<boxInbox>true</boxInbox>
<showLegend>false</showLegend>
<showLabels>false</showLabels>
<showRelAttributes>false</showRelAttributes>
<gridEnabled>false</gridEnabled>
<showGrid>false</showGrid>
<diagramColor>-1</diagramColor>
<display>false</display>
<notation>1</notation>
<objectViews>
<OView class="oracle.dbtools.crest.swingui.relational.TVTable" oid="622727D5-B5AC-FEDD-A69D-442D629071B1" otype="Table" vid="E09DD024-4C2F-239F-5276-3FD03FC64355">
<hideElementsInCurrentOnly>false</hideElementsInCurrentOnly>
<bounds x="644" y="87" width="240" height="136"/>
</OView>
<OView class="oracle.dbtools.crest.swingui.relational.TVTable" oid="83D7F9B9-8764-5270-D3C7-8F1BB01DFD67" otype="Table" vid="3D3B6348-82CE-2F5A-0E44-D3E8D5B5C04D">
<hideElementsInCurrentOnly>false</hideElementsInCurrentOnly>
<bounds x="328" y="391" width="298" height="163"/>
</OView>
<OView class="oracle.dbtools.crest.swingui.relational.TVTable" oid="8B998CB1-1353-6FAD-9615-604377A24035" otype="Table" vid="9F461DDF-256C-2B6B-CA0D-A3895928DB86">
<hideElementsInCurrentOnly>false</hideElementsInCurrentOnly>
<bounds x="20" y="222" width="240" height="164"/>
</OView>
<OView class="oracle.dbtools.crest.swingui.relational.TVTable" oid="A98D3A61-E2DE-508A-D6FF-E5C58A0D360C" otype="Table" vid="C307118B-37E8-2C54-F1C6-981ED0C0EED1">
<hideElementsInCurrentOnly>false</hideElementsInCurrentOnly>
<bounds x="322" y="222" width="242" height="142"/>
</OView>
<OView class="oracle.dbtools.crest.swingui.relational.TVTable" oid="D5E537A2-E19F-1DA6-4F49-48999D31F642" otype="Table" vid="5AFF5A23-2B31-313E-E17F-CFCD4A9ABB37">
<hideElementsInCurrentOnly>false</hideElementsInCurrentOnly>
<bounds x="20" y="20" width="186" height="142"/>
</OView>
<OView class="oracle.dbtools.crest.swingui.relational.TVTable" oid="E4FC83B2-6BE0-AB4E-D048-180CB0CA1C0E" otype="Table" vid="7725DA38-4BDF-C34E-58D1-AA4BC49239E4">
<hideElementsInCurrentOnly>false</hideElementsInCurrentOnly>
<bounds x="328" y="46" width="170" height="143"/>
</OView>
</objectViews>
<connectors>
<Connector class="oracle.dbtools.crest.swingui.relational.TVFKRelation" oid="0257C806-48C8-5381-D999-E6C649D789BA" otype="FKIndexAssociation" vid_source="E09DD024-4C2F-239F-5276-3FD03FC64355" vid_target="C307118B-37E8-2C54-F1C6-981ED0C0EED1">
<hideElementsInCurrentOnly>false</hideElementsInCurrentOnly>
<lineWidth>1</lineWidth>
<points>
<point x="644" y="222"/>
<point x="564" y="222"/>
</points>
</Connector>
<Connector class="oracle.dbtools.crest.swingui.relational.TVFKRelation" oid="134D98F3-D753-A997-C89E-DB263806D9C0" otype="FKIndexAssociation" vid_source="E09DD024-4C2F-239F-5276-3FD03FC64355" vid_target="3D3B6348-82CE-2F5A-0E44-D3E8D5B5C04D">
<hideElementsInCurrentOnly>false</hideElementsInCurrentOnly>
<lineWidth>1</lineWidth>
<points>
<point x="702" y="223"/>
<point x="550" y="391"/>
</points>
</Connector>
<Connector class="oracle.dbtools.crest.swingui.relational.TVFKRelation" oid="3B4B7D19-3840-A086-0C6E-269007077CFE" otype="FKIndexAssociation" vid_source="C307118B-37E8-2C54-F1C6-981ED0C0EED1" vid_target="9F461DDF-256C-2B6B-CA0D-A3895928DB86">
<hideElementsInCurrentOnly>false</hideElementsInCurrentOnly>
<lineWidth>1</lineWidth>
<points>
<point x="322" y="293"/>
<point x="260" y="293"/>
</points>
</Connector>
<Connector class="oracle.dbtools.crest.swingui.relational.TVFKRelation" oid="8D9C5103-FC9B-182C-F779-2EA71367B8F5" otype="FKIndexAssociation" vid_source="5AFF5A23-2B31-313E-E17F-CFCD4A9ABB37" vid_target="7725DA38-4BDF-C34E-58D1-AA4BC49239E4">
<hideElementsInCurrentOnly>false</hideElementsInCurrentOnly>
<lineWidth>1</lineWidth>
<points>
<point x="206" y="104"/>
<point x="328" y="104"/>
</points>
</Connector>
<Connector class="oracle.dbtools.crest.swingui.relational.TVFKRelation" oid="BAD8655E-C4FC-D879-EA17-DED665688FDA" otype="FKIndexAssociation" vid_source="9F461DDF-256C-2B6B-CA0D-A3895928DB86" vid_target="5AFF5A23-2B31-313E-E17F-CFCD4A9ABB37">
<hideElementsInCurrentOnly>false</hideElementsInCurrentOnly>
<lineWidth>1</lineWidth>
<points>
<point x="113" y="222"/>
<point x="113" y="162"/>
</points>
</Connector>
<Connector class="oracle.dbtools.crest.swingui.relational.TVFKRelation" oid="C80BD92E-55B1-0EFE-C5CA-F23E8AEF5968" otype="FKIndexAssociation" vid_source="3D3B6348-82CE-2F5A-0E44-D3E8D5B5C04D" vid_target="9F461DDF-256C-2B6B-CA0D-A3895928DB86">
<hideElementsInCurrentOnly>false</hideElementsInCurrentOnly>
<lineWidth>1</lineWidth>
<points>
<point x="328" y="398"/>
<point x="260" y="364"/>
</points>
</Connector>
</connectors>
</Diagram>