<?xml version = '1.0' encoding = 'UTF-8'?>
<Diagram class="oracle.dbtools.crest.swingui.relational.DPVRelationalSubView" name="bdd1 - SubView_5" id="6B6A3372-72CE-A7AA-3ADD-F5751B739B7F">
<createdBy>YvonneY</createdBy>
<modifiedBy>YvonneY</modifiedBy>
<createdTime>2017-05-28 21:14:58 UTC</createdTime>
<autoRoute>false</autoRoute>
<boxInbox>true</boxInbox>
<showLegend>false</showLegend>
<showLabels>false</showLabels>
<showRelAttributes>false</showRelAttributes>
<gridEnabled>false</gridEnabled>
<showGrid>false</showGrid>
<diagramColor>-1</diagramColor>
<display>false</display>
<notation>1</notation>
<objectViews>
<OView class="oracle.dbtools.crest.swingui.relational.TVTable" oid="99B2222B-2ACF-E5A0-9170-986EA1AEC62A" otype="Table" vid="283C440F-C9E5-5E93-0C08-7473A6F8CE51">
<hideElementsInCurrentOnly>false</hideElementsInCurrentOnly>
<bounds x="20" y="418" width="208" height="128"/>
</OView>
<OView class="oracle.dbtools.crest.swingui.relational.TVTable" oid="B0AA5A74-9322-85AE-722B-508338D6891B" otype="Table" vid="B69E1383-CB19-9FE9-EE05-7EC62500953A">
<hideElementsInCurrentOnly>false</hideElementsInCurrentOnly>
<bounds x="20" y="20" width="242" height="142"/>
</OView>
<OView class="oracle.dbtools.crest.swingui.relational.TVTable" oid="B4F06B77-6E4D-DA83-EC34-F9ED1317371F" otype="Table" vid="2DD07FBA-531D-974C-F819-491C321764B3">
<hideElementsInCurrentOnly>false</hideElementsInCurrentOnly>
<bounds x="20" y="222" width="240" height="136"/>
</OView>
</objectViews>
<connectors>
<Connector class="oracle.dbtools.crest.swingui.relational.TVFKRelation" oid="63A211B5-3813-0C78-8287-E4B84EE13394" otype="FKIndexAssociation" vid_source="2DD07FBA-531D-974C-F819-491C321764B3" vid_target="283C440F-C9E5-5E93-0C08-7473A6F8CE51">
<hideElementsInCurrentOnly>false</hideElementsInCurrentOnly>
<lineWidth>1</lineWidth>
<points>
<point x="124" y="358"/>
<point x="124" y="418"/>
</points>
</Connector>
<Connector class="oracle.dbtools.crest.swingui.relational.TVFKRelation" oid="D92C4770-F1AF-D003-A9E6-B54508250488" otype="FKIndexAssociation" vid_source="2DD07FBA-531D-974C-F819-491C321764B3" vid_target="B69E1383-CB19-9FE9-EE05-7EC62500953A">
<hideElementsInCurrentOnly>false</hideElementsInCurrentOnly>
<lineWidth>1</lineWidth>
<points>
<point x="140" y="222"/>
<point x="140" y="162"/>
</points>
</Connector>
</connectors>
</Diagram>