<?xml version = '1.0' encoding = 'UTF-8'?>
<Diagram class="oracle.dbtools.crest.swingui.relational.DPVRelationalSubView" name="bdd1 - SubView_1" id="A58A062F-A559-2AFD-8221-9703FF4C3F0C">
<createdBy>YvonneY</createdBy>
<modifiedBy>YvonneY</modifiedBy>
<createdTime>2017-05-28 21:09:41 UTC</createdTime>
<autoRoute>false</autoRoute>
<boxInbox>true</boxInbox>
<showLegend>false</showLegend>
<showLabels>false</showLabels>
<showRelAttributes>false</showRelAttributes>
<gridEnabled>false</gridEnabled>
<showGrid>false</showGrid>
<diagramColor>-1</diagramColor>
<display>false</display>
<notation>1</notation>
<objectViews>
<OView class="oracle.dbtools.crest.swingui.TVImage" oid="47E78949-31F6-F0F8-955E-F2047B96C11B" otype="Image" imageFileName="
</>
<OView class="oracle.dbtools.crest.swingui.relational.TVTable" oid="99B2222B-2ACF-E5A0-9170-986EA1AEC62A" otype="Table" vid="FE9CE4EC-448F-DCD2-C726-1BF980DBD0FE">
<hideElementsInCurrentOnly>false</hideElementsInCurrentOnly>
<bounds x="20" y="418" width="208" height="128"/>
</OView>
<OView class="oracle.dbtools.crest.swingui.relational.TVTable" oid="B0AA5A74-9322-85AE-722B-508338D6891B" otype="Table" vid="E2B7A149-7FB0-868A-0090-D73B37F2D7D7">
<hideElementsInCurrentOnly>false</hideElementsInCurrentOnly>
<bounds x="20" y="20" width="242" height="142"/>
</OView>
<OView class="oracle.dbtools.crest.swingui.relational.TVTable" oid="B4F06B77-6E4D-DA83-EC34-F9ED1317371F" otype="Table" vid="7549DA32-8955-FC31-09A7-7CA254ADC9B4">
<hideElementsInCurrentOnly>false</hideElementsInCurrentOnly>
<bounds x="20" y="222" width="240" height="136"/>
</OView>
<OView class="oracle.dbtools.crest.swingui.TVImage" oid="DC4CCCC0-8D69-7F9B-8981-0831F6DABD4B" otype="Image" imageFileName="
</>
</objectViews>
<connectors>
<Connector class="oracle.dbtools.crest.swingui.relational.TVFKRelation" oid="63A211B5-3813-0C78-8287-E4B84EE13394" otype="FKIndexAssociation" vid_source="7549DA32-8955-FC31-09A7-7CA254ADC9B4" vid_target="FE9CE4EC-448F-DCD2-C726-1BF980DBD0FE">
<hideElementsInCurrentOnly>false</hideElementsInCurrentOnly>
<lineWidth>1</lineWidth>
<points>
<point x="124" y="358"/>
<point x="124" y="418"/>
</points>
</Connector>
<Connector class="oracle.dbtools.crest.swingui.relational.TVFKRelation" oid="D92C4770-F1AF-D003-A9E6-B54508250488" otype="FKIndexAssociation" vid_source="7549DA32-8955-FC31-09A7-7CA254ADC9B4" vid_target="E2B7A149-7FB0-868A-0090-D73B37F2D7D7">
<hideElementsInCurrentOnly>false</hideElementsInCurrentOnly>
<lineWidth>1</lineWidth>
<points>
<point x="140" y="222"/>
<point x="140" y="162"/>
</points>
</Connector>
</connectors>
</Diagram>