<?xml version = '1.0' encoding = 'UTF-8'?>
<Diagram class="oracle.dbtools.crest.swingui.relational.DPVRelational" name="bdd1" id="F990F332-E5CA-6515-DCF2-30F613BB5EF1">
<createdBy>YvonneY</createdBy>
<modifiedBy>YvonneY</modifiedBy>
<createdTime>2017-05-28 21:09:41 UTC</createdTime>
<autoRoute>false</autoRoute>
<boxInbox>true</boxInbox>
<showLegend>false</showLegend>
<showLabels>false</showLabels>
<showRelAttributes>false</showRelAttributes>
<gridEnabled>false</gridEnabled>
<showGrid>false</showGrid>
<diagramColor>-1</diagramColor>
<display>false</display>
<notation>1</notation>
<objectViews>
<OView class="oracle.dbtools.crest.swingui.relational.TVTable" oid="622727D5-B5AC-FEDD-A69D-442D629071B1" otype="Table" vid="D8B17018-D954-E51C-2EFE-D75A57A93F61">
<hideElementsInCurrentOnly>false</hideElementsInCurrentOnly>
<bounds x="150" y="250" width="170" height="110"/>
</OView>
<OView class="oracle.dbtools.crest.swingui.relational.TVTable" oid="83D7F9B9-8764-5270-D3C7-8F1BB01DFD67" otype="Table" vid="1ECF408B-8757-68AD-1288-7D8226D17B81">
<hideElementsInCurrentOnly>false</hideElementsInCurrentOnly>
<bounds x="170" y="290" width="170" height="110"/>
</OView>
<OView class="oracle.dbtools.crest.swingui.relational.TVTable" oid="8B998CB1-1353-6FAD-9615-604377A24035" otype="Table" vid="D96720DC-5B93-2B7F-601D-3E868FEAD79E">
<hideElementsInCurrentOnly>false</hideElementsInCurrentOnly>
<bounds x="680" y="4420" width="280" height="320"/>
</OView>
<OView class="oracle.dbtools.crest.swingui.relational.TVTable" oid="99B2222B-2ACF-E5A0-9170-986EA1AEC62A" otype="Table" vid="CCCE22D9-7B1B-83A8-5017-CB06D7F7664D">
<hideElementsInCurrentOnly>false</hideElementsInCurrentOnly>
<bounds x="1010" y="4420" width="280" height="320"/>
</OView>
<OView class="oracle.dbtools.crest.swingui.relational.TVTable" oid="A98D3A61-E2DE-508A-D6FF-E5C58A0D360C" otype="Table" vid="16BD64A8-9ADA-B09B-3099-C504221BAF0A">
<hideElementsInCurrentOnly>false</hideElementsInCurrentOnly>
<bounds x="160" y="270" width="170" height="110"/>
</OView>
<OView class="oracle.dbtools.crest.swingui.relational.TVTable" oid="B0AA5A74-9322-85AE-722B-508338D6891B" otype="Table" vid="4B389054-BD43-C18F-F197-3BA5C7551C02">
<hideElementsInCurrentOnly>false</hideElementsInCurrentOnly>
<bounds x="350" y="4420" width="280" height="320"/>
</OView>
<OView class="oracle.dbtools.crest.swingui.relational.TVTable" oid="B4F06B77-6E4D-DA83-EC34-F9ED1317371F" otype="Table" vid="22BA06EF-ECB7-66CB-C27A-9CC0930FD86E">
<hideElementsInCurrentOnly>false</hideElementsInCurrentOnly>
<bounds x="350" y="5040" width="280" height="320"/>
</OView>
<OView class="oracle.dbtools.crest.swingui.relational.TVTable" oid="D5E537A2-E19F-1DA6-4F49-48999D31F642" otype="Table" vid="CBC345EB-70B1-F872-21BE-7D6487FC5A7B">
<hideElementsInCurrentOnly>false</hideElementsInCurrentOnly>
<bounds x="20" y="4420" width="280" height="320"/>
</OView>
<OView class="oracle.dbtools.crest.swingui.relational.TVTable" oid="E4FC83B2-6BE0-AB4E-D048-180CB0CA1C0E" otype="Table" vid="F5F2739F-BD64-7F12-9D17-D12661ED5428">
<hideElementsInCurrentOnly>false</hideElementsInCurrentOnly>
<bounds x="20" y="5040" width="280" height="320"/>
</OView>
</objectViews>
<connectors>
<Connector class="oracle.dbtools.crest.swingui.relational.TVFKRelation" oid="0257C806-48C8-5381-D999-E6C649D789BA" otype="FKIndexAssociation" vid_source="D8B17018-D954-E51C-2EFE-D75A57A93F61" vid_target="16BD64A8-9ADA-B09B-3099-C504221BAF0A">
<hideElementsInCurrentOnly>false</hideElementsInCurrentOnly>
<lineWidth>1</lineWidth>
<points>
<point x="320" y="315"/>
<point x="160" y="315"/>
</points>
</Connector>
<Connector class="oracle.dbtools.crest.swingui.relational.TVFKRelation" oid="134D98F3-D753-A997-C89E-DB263806D9C0" otype="FKIndexAssociation" vid_source="D8B17018-D954-E51C-2EFE-D75A57A93F61" vid_target="1ECF408B-8757-68AD-1288-7D8226D17B81">
<hideElementsInCurrentOnly>false</hideElementsInCurrentOnly>
<lineWidth>1</lineWidth>
<points>
<point x="320" y="325"/>
<point x="170" y="325"/>
</points>
</Connector>
<Connector class="oracle.dbtools.crest.swingui.relational.TVFKRelation" oid="3B4B7D19-3840-A086-0C6E-269007077CFE" otype="FKIndexAssociation" vid_source="16BD64A8-9ADA-B09B-3099-C504221BAF0A" vid_target="D96720DC-5B93-2B7F-601D-3E868FEAD79E">
<hideElementsInCurrentOnly>false</hideElementsInCurrentOnly>
<lineWidth>1</lineWidth>
<points>
<point x="252" y="380"/>
<point x="798" y="4420"/>
</points>
</Connector>
<Connector class="oracle.dbtools.crest.swingui.relational.TVFKRelation" oid="63A211B5-3813-0C78-8287-E4B84EE13394" otype="FKIndexAssociation" vid_source="22BA06EF-ECB7-66CB-C27A-9CC0930FD86E" vid_target="CCCE22D9-7B1B-83A8-5017-CB06D7F7664D">
<hideElementsInCurrentOnly>false</hideElementsInCurrentOnly>
<lineWidth>1</lineWidth>
<points>
<point x="320" y="325"/>
<point x="170" y="325"/>
</points>
</Connector>
<Connector class="oracle.dbtools.crest.swingui.relational.TVFKRelation" oid="6FC2238C-9E4D-96FD-D7AA-C271284D7AE0" otype="FKIndexAssociation" vid_source="D96720DC-5B93-2B7F-601D-3E868FEAD79E" vid_target="1ECF408B-8757-68AD-1288-7D8226D17B81">
<hideElementsInCurrentOnly>false</hideElementsInCurrentOnly>
<lineWidth>1</lineWidth>
<points>
<point x="798" y="4420"/>
<point x="262" y="400"/>
</points>
</Connector>
<Connector class="oracle.dbtools.crest.swingui.relational.TVFKRelation" oid="8D9C5103-FC9B-182C-F779-2EA71367B8F5" otype="FKIndexAssociation" vid_source="CBC345EB-70B1-F872-21BE-7D6487FC5A7B" vid_target="F5F2739F-BD64-7F12-9D17-D12661ED5428">
<hideElementsInCurrentOnly>false</hideElementsInCurrentOnly>
<lineWidth>1</lineWidth>
<points>
<point x="160" y="4420"/>
<point x="160" y="5040"/>
</points>
</Connector>
<Connector class="oracle.dbtools.crest.swingui.relational.TVFKRelation" oid="BAD8655E-C4FC-D879-EA17-DED665688FDA" otype="FKIndexAssociation" vid_source="D96720DC-5B93-2B7F-601D-3E868FEAD79E" vid_target="CBC345EB-70B1-F872-21BE-7D6487FC5A7B">
<hideElementsInCurrentOnly>false</hideElementsInCurrentOnly>
<lineWidth>1</lineWidth>
<points>
<point x="680" y="4420"/>
<point x="300" y="4420"/>
</points>
</Connector>
<Connector class="oracle.dbtools.crest.swingui.relational.TVFKRelation" oid="C80BD92E-55B1-0EFE-C5CA-F23E8AEF5968" otype="FKIndexAssociation" vid_source="1ECF408B-8757-68AD-1288-7D8226D17B81" vid_target="D96720DC-5B93-2B7F-601D-3E868FEAD79E">
<hideElementsInCurrentOnly>false</hideElementsInCurrentOnly>
<lineWidth>1</lineWidth>
<points>
<point x="262" y="400"/>
<point x="798" y="4420"/>
</points>
</Connector>
<Connector class="oracle.dbtools.crest.swingui.relational.TVFKRelation" oid="D92C4770-F1AF-D003-A9E6-B54508250488" otype="FKIndexAssociation" vid_source="22BA06EF-ECB7-66CB-C27A-9CC0930FD86E" vid_target="4B389054-BD43-C18F-F197-3BA5C7551C02">
<hideElementsInCurrentOnly>false</hideElementsInCurrentOnly>
<lineWidth>1</lineWidth>
<points>
<point x="320" y="315"/>
<point x="160" y="315"/>
</points>
</Connector>
</connectors>
</Diagram>