<?xml version = '1.0' encoding = 'UTF-8'?>
<Diagram class="oracle.dbtools.crest.swingui.relational.DPVRelationalSubView" name="bdd1 - SubView_4" id="FE87DC0B-821A-E802-393B-CDB560FBCF74">
<createdBy>YvonneY</createdBy>
<modifiedBy>YvonneY</modifiedBy>
<createdTime>2017-05-28 21:14:23 UTC</createdTime>
<autoRoute>false</autoRoute>
<boxInbox>true</boxInbox>
<showLegend>false</showLegend>
<showLabels>false</showLabels>
<showRelAttributes>false</showRelAttributes>
<gridEnabled>false</gridEnabled>
<showGrid>false</showGrid>
<diagramColor>-1</diagramColor>
<display>false</display>
<notation>1</notation>
<objectViews>
<OView class="oracle.dbtools.crest.swingui.relational.TVTable" oid="D5E537A2-E19F-1DA6-4F49-48999D31F642" otype="Table" vid="8BED6132-6752-4E57-98F5-0F7895B20BCF">
<hideElementsInCurrentOnly>false</hideElementsInCurrentOnly>
<bounds x="20" y="222" width="186" height="142"/>
</OView>
<OView class="oracle.dbtools.crest.swingui.relational.TVTable" oid="E4FC83B2-6BE0-AB4E-D048-180CB0CA1C0E" otype="Table" vid="76F3035F-6A58-DC13-BF26-A99007EE2C04">
<hideElementsInCurrentOnly>false</hideElementsInCurrentOnly>
<bounds x="20" y="20" width="238" height="142"/>
</OView>
</objectViews>
<connectors>
<Connector class="oracle.dbtools.crest.swingui.relational.TVFKRelation" oid="8D9C5103-FC9B-182C-F779-2EA71367B8F5" otype="FKIndexAssociation" vid_source="8BED6132-6752-4E57-98F5-0F7895B20BCF" vid_target="76F3035F-6A58-DC13-BF26-A99007EE2C04">
<hideElementsInCurrentOnly>false</hideElementsInCurrentOnly>
<lineWidth>1</lineWidth>
<points>
<point x="113" y="222"/>
<point x="113" y="162"/>
</points>
</Connector>
</connectors>
</Diagram>